# Blender v3.0.1 OBJ File: 'Turkey.blend'
# www.blender.org
mtllib Turkey.mtl
o Turkey_Mesh_0
v -0.000000 6.906348 3.054691
v -0.000000 6.732815 2.695024
v -0.000000 6.441611 2.511259
v -0.000000 6.068408 2.442040
v -0.000000 5.642772 2.384698
v 0.000000 5.376394 2.201572
v -0.000000 5.200505 1.930400
v -0.000000 5.038443 1.605531
v -0.000000 4.909983 1.441085
v 0.000000 4.731511 1.225487
v 0.000000 4.605414 0.904942
v 0.000000 4.527974 0.640092
v 0.000000 4.490832 0.277987
v 0.000000 4.431991 0.013221
v 0.000000 4.334686 -0.346044
v 0.000000 4.233289 -0.554800
v 0.000000 4.104541 -0.778053
v 0.000000 3.943236 -1.030089
v 0.000000 3.797927 -1.336307
v 0.000000 3.654623 -1.568320
v 0.000000 3.515439 -1.810563
v 0.000000 3.390126 -1.993901
v 0.000000 3.228735 -2.155417
v 0.000000 3.057195 -2.284738
v 0.000000 2.803083 -2.325260
v 0.000000 2.588290 -2.602048
v 0.000000 2.486024 -2.827556
v 0.000000 2.352395 -3.086938
v -0.000000 2.210853 -3.406876
v -0.000000 2.033644 -3.704243
v 0.000000 1.893752 -4.027029
v 0.000000 1.800558 -4.227431
v 0.000000 1.687404 -4.507609
v 0.000000 1.574790 -4.697527
v 0.000000 1.534294 -4.688815
v 0.000000 1.451790 -4.524686
v 0.000000 1.294272 -4.340683
v 0.000000 1.170847 -4.128218
v 0.000000 1.111161 -3.875122
v 0.000000 1.207922 -3.537956
v -0.000000 1.290029 -3.362164
v -0.000000 1.402599 -3.162987
v -0.000000 1.568848 -2.879156
v -0.000000 1.511608 -2.604812
v -0.000000 1.513220 -2.276519
v -0.000000 1.584122 -1.971780
v -0.000000 1.649475 -1.711397
v 0.000000 1.754265 -1.296278
v 0.000000 1.597864 -1.039464
v -0.000000 1.480857 -0.649059
v -0.000000 1.469834 -0.269397
v -0.000000 1.491864 -0.004740
v -0.000000 1.491754 0.304489
v -0.000000 1.523909 0.520855
v -0.000000 1.633563 0.802063
v 0.000000 1.768727 1.093194
v 0.000000 1.867879 1.375478
v 0.000000 1.866444 1.666310
v -0.000000 1.990103 1.905485
v 0.000000 2.188751 2.113411
v 0.000000 2.341725 2.314848
v 0.000000 2.507692 2.445949
v -0.000000 2.681116 2.508806
v -0.000000 2.868480 2.529928
v -0.000000 3.081361 2.600835
v -0.000000 3.338308 2.641306
v -0.000000 3.621819 2.599676
v -0.000000 4.043277 2.500883
v -0.000000 4.217546 2.473836
v -0.000000 4.435330 2.395810
v -0.000000 4.554228 2.409684
v -0.000000 4.590110 2.581859
v 0.000000 4.804671 2.650979
v 0.000000 5.010581 2.758253
v -0.000000 5.375032 2.926987
v -0.000000 5.675948 3.107178
v -0.000000 5.979240 3.207918
v -0.000000 6.239129 3.320073
v -0.000000 6.458887 3.447857
v 0.000000 6.485783 3.595574
v 0.000000 6.475960 3.755025
v 0.000000 6.519289 3.801761
v 0.000000 6.678209 3.626336
v -0.000000 6.755912 3.444002
v -0.000000 6.894633 3.228319
v 0.021893 1.552238 -4.696868
v 0.042582 6.504364 3.776628
v 0.125916 5.480001 2.344370
v 0.212101 3.257812 -2.085940
v 0.101796 6.657404 3.567470
v 0.124286 6.865267 3.213361
v 0.118344 6.860616 3.037058
v 0.099269 6.196003 3.271557
v 0.076890 5.499510 2.978013
v 0.155638 5.290095 2.121308
v 0.124279 4.562886 2.647286
v 0.235894 4.041806 2.469904
v 0.248963 2.654122 2.464480
v 0.232252 2.094500 1.976702
v 0.279351 1.788308 1.061408
v 0.242897 3.769435 -1.330377
v 0.272705 3.121702 -2.189623
v 0.275372 2.900517 -2.262593
v 0.324352 2.720310 -2.348234
v 0.207430 2.318082 -3.069113
v 0.145545 2.189484 -3.392530
v 0.145659 1.856976 -4.038463
v 0.317318 1.548908 -0.727723
v 0.109810 1.652294 -4.496552
v 0.153215 1.351395 -3.306484
v 0.127755 1.169632 -4.063003
v 0.088652 5.029545 2.741812
v 0.183442 2.475853 2.403769
v 0.267693 2.368602 2.282658
v 0.218672 3.409580 -1.924311
v 0.131116 6.488940 3.429379
v 0.118383 6.765327 3.379639
v 0.078045 5.717308 3.100682
v 0.105323 5.295263 2.841926
v 0.104266 5.674435 2.427453
v 0.113336 4.789693 2.665938
v 0.176185 5.154846 1.911069
v 0.222728 4.458077 2.511841
v 0.131056 4.474388 2.568357
v 0.255687 3.664840 2.554757
v 0.206177 4.879184 1.444184
v 0.275435 4.694354 1.227967
v 0.291271 2.984557 2.524374
v 0.303445 2.277476 2.155058
v 0.229117 1.883821 1.565683
v 0.215864 1.931103 1.754410
v 0.259405 4.581963 0.921904
v 0.292974 1.893669 1.370767
v 0.319616 1.696049 0.840596
v 0.282910 1.585893 0.591249
v 0.288391 4.398888 0.019902
v 0.343065 4.323840 -0.237683
v 0.256731 4.217828 -0.521094
v 0.268862 3.919226 -1.013460
v 0.344418 4.065417 -0.753348
v 0.261724 3.623698 -1.556864
v 0.207036 2.567758 -2.583728
v 0.200046 1.549678 -2.273584
v 0.183585 2.453422 -2.826312
v 0.153577 1.457767 -3.122954
v 0.159831 2.048278 -3.619452
v 0.157342 1.957476 -3.802379
v 0.388393 1.778425 -1.243726
v 0.240792 1.622114 -1.971837
v 0.223692 1.679847 -1.713335
v 0.162282 1.755147 -4.232446
v 0.111814 1.514835 -4.544367
v 0.157852 1.218395 -3.617954
v 0.146256 1.274984 -3.460315
v 0.194480 1.174746 -3.853161
v 0.214900 3.517038 -1.764925
v 0.105953 6.738168 2.762585
v 0.115133 6.601254 2.625875
v 0.230584 4.443151 2.382508
v 0.230117 5.003248 1.626495
v 0.240387 4.214687 2.441626
v 0.200708 1.596707 -2.881244
v 0.130572 1.292082 -4.283599
v 0.291668 1.621150 -0.990728
v 0.111559 6.369048 2.528816
v 0.084900 6.525738 3.589934
v 0.307321 4.491963 0.634368
v 0.282303 1.507988 -0.471417
v 0.113166 6.027502 2.479900
v 0.251085 3.441894 2.595103
v 0.257290 1.524101 0.309784
v 0.370849 1.785823 -1.426346
v 0.292775 1.520447 -0.059273
v 0.293491 3.228276 2.584249
v 0.209474 1.553129 -2.576907
v 0.278127 4.460503 0.301495
v 0.195844 6.634816 3.423084
v 0.178832 5.536682 2.861799
v 0.477580 2.146839 1.887351
v 0.525586 3.442435 -1.650369
v 0.601300 4.481397 1.051091
v 0.555345 1.646366 0.346234
v 0.506678 3.789457 -1.081071
v 0.417512 2.433838 -2.579577
v 0.301090 2.134667 -3.282586
v 0.246961 1.334169 -4.174261
v 0.298408 1.420275 -3.401398
v 0.571247 4.615415 1.350143
v 0.601661 1.868953 0.928134
v 0.222597 6.398989 2.666475
v 0.592110 4.374308 0.612942
v 0.607368 4.303011 0.174970
v 0.288880 4.675068 2.530118
v 0.191646 5.729574 2.551706
v 0.581363 3.851469 2.359316
v 0.435811 1.706199 -2.172836
v 0.226188 5.385827 2.390217
v 0.241268 6.697150 3.008907
v 0.339733 5.083310 1.984840
v 0.361233 1.700265 -2.947026
v 0.600350 1.646189 -0.317352
v 0.470225 1.998682 1.612799
v 0.181249 6.094892 3.128588
v 0.489932 4.523821 2.172857
v 0.690639 1.780999 -0.797682
v 0.770632 4.016485 -0.343549
v 0.451321 4.880445 2.121901
v 0.773438 2.048160 -1.336627
v 0.337030 1.552170 -4.099951
v 0.427914 1.800890 -3.231896
v 0.597650 2.937376 2.356278
v 0.226489 5.449173 2.607848
v 0.674609 2.531557 2.093440
v 0.233379 5.945322 2.833494
v 0.574226 3.152731 -1.923880
v 0.605781 2.615025 -2.191471
v 0.861523 2.020606 0.782111
v 0.316311 5.137035 2.393386
v 0.773742 3.565352 -1.117358
v 0.262146 6.551652 3.174084
v 0.373002 1.455465 -3.704310
v 0.813592 2.866597 2.102427
v 0.458570 2.233731 -2.778440
v 0.674570 3.480846 2.344739
v 0.754945 2.235122 1.625918
v 0.499833 1.835668 -2.619099
v 0.780814 4.428321 1.502107
v 0.891276 3.894739 1.973317
v 0.489598 2.005938 -2.843207
v 0.343967 1.900573 -3.585905
v 0.716343 2.053716 -1.838145
v 0.816388 3.015431 -1.693395
v 0.667451 2.350603 -2.232933
v 0.973394 2.000024 -0.118557
v 0.699810 2.183528 -2.131969
v 0.963349 2.434754 1.456292
v 1.035117 2.925600 1.752430
v 0.977634 3.850103 -0.128495
v 0.845015 1.870517 0.243538
v 0.999483 2.764485 -1.380297
v 1.124999 3.698240 0.161220
v 1.166702 3.314658 -0.391953
v 1.044261 2.182044 -0.599452
v 0.929727 2.363631 -1.475585
v 1.192918 2.960332 -0.583010
v 1.207078 2.640953 -0.459936
v 1.024708 3.325164 -0.909466
v 0.835149 4.327674 1.691367
v 0.634660 4.549228 1.986602
v 1.156196 2.346735 0.186259
v 1.066044 2.261467 0.658292
v 1.161881 2.618003 1.018103
v 1.201970 2.943172 1.188875
v 0.914714 4.093824 0.470057
v 1.103713 3.859163 1.167665
v 1.040098 4.008195 1.044087
v 1.257374 3.235651 0.090959
v 1.264816 3.360360 0.713572
v 1.199883 3.519809 1.147196
v 1.272337 2.804018 0.476927
v 1.030653 3.728826 1.765218
v 0.863924 3.352777 2.130944
v 1.174746 3.291169 1.424517
v 0.785885 4.361586 1.152371
v 1.171886 4.332689 0.829938
v 1.388996 4.327852 0.628320
v 1.627976 4.317897 0.427562
v 1.926472 4.268931 0.320913
v 2.313745 4.226976 0.213789
v 2.659605 4.188627 0.132813
v 2.949977 4.152305 0.133674
v 3.307538 4.105460 0.170101
v 3.630532 4.060818 0.241815
v 3.932420 4.021190 0.273853
v 4.301887 3.966231 0.288743
v 4.499774 3.934030 0.353258
v 4.587386 3.908724 0.492021
v 4.551970 3.935933 0.581877
v 4.196152 3.955732 0.816562
v 3.831759 3.990101 1.002623
v 3.592521 4.025770 1.135138
v 3.372338 4.031281 1.273169
v 3.100069 4.055009 1.444886
v 2.888240 4.071806 1.606490
v 2.598938 4.095980 1.805850
v 2.366940 4.140483 1.937974
v 2.168473 4.143724 2.044754
v 1.857005 4.169488 2.125609
v 1.604593 4.186563 2.142104
v 1.242862 4.248636 2.084906
v 0.875350 4.301430 1.969915
v 0.676023 4.344051 1.836771
v 0.622504 4.346511 1.744612
v 0.661274 4.343233 1.526611
v 0.780377 4.421089 1.271646
v 1.856302 4.353584 0.388079
v 1.595759 4.265506 2.113957
v 2.566131 4.184411 1.792539
v 3.187317 4.118542 1.367638
v 2.143876 4.318258 0.293983
v 3.014080 4.213593 0.177799
v 3.620422 4.137259 0.285782
v 4.263870 4.017770 0.316338
v 0.700542 4.405333 1.535641
v 1.209706 4.411738 0.860682
v 1.854374 4.236335 2.103088
v 2.867468 4.149098 1.593155
v 2.724343 4.246899 0.155264
v 3.307935 4.164569 0.199252
v 4.257786 4.009657 0.742191
v 3.960228 4.079368 0.319018
v 4.508358 3.979243 0.402816
v 0.912660 4.371641 1.939266
v 1.246378 4.321712 2.052483
v 3.404181 4.100749 1.224985
v 2.395570 4.285332 0.237838
v 3.698316 4.062509 1.052844
v 3.974257 4.033381 0.900808
v 2.063409 4.246644 2.031082
v 0.891730 4.442739 1.151336
v 1.505942 4.378023 0.567658
v 1.664318 4.449240 0.646967
v 1.594866 4.355986 2.002223
v 2.290374 4.392781 0.430038
v 0.854608 4.453749 1.644629
v 3.648523 4.160777 0.905170
v 2.940013 4.251714 1.370850
v 2.962658 4.325413 0.436913
v 3.818628 4.157679 0.554009
v 2.171353 4.404245 1.551351
v 2.901638 4.348463 0.943336
v 2.146594 4.462649 0.919544
v 1.496930 4.500735 1.239236
v 1.426360 4.466527 1.664129
v 0.764210 4.291651 1.263889
v 1.836711 4.196772 0.378684
v 2.545654 4.020483 1.782718
v 3.170206 3.981554 1.359431
v 2.125516 4.171341 0.285184
v 2.996448 4.072426 0.169340
v 3.601352 3.984564 0.276634
v 4.118851 3.938414 0.322285
v 1.188720 4.243733 0.850617
v 1.643715 4.233394 0.442240
v 1.838403 4.108449 2.095426
v 2.306720 4.020373 1.896834
v 2.849345 4.004051 1.584463
v 2.707749 4.114040 0.147304
v 3.293004 4.045052 0.192091
v 4.243774 3.897474 0.735469
v 3.936897 3.969175 0.299527
v 0.894759 4.228321 1.930679
v 1.228834 4.181262 2.044068
v 3.424523 3.958744 1.189266
v 2.378411 4.147933 0.229606
v 3.683918 3.947227 1.045936
v 3.960785 3.925492 0.894341
v 2.106190 4.079258 2.027534
v 0.728490 4.237647 1.781414
v 0.868617 4.257666 1.140246
v 1.435675 4.239509 0.612536
v 1.623359 4.121340 0.627321
v 1.558990 4.068771 1.985015
v 2.247272 4.047720 0.409367
v 3.613696 3.882226 0.888494
v 2.897818 3.913639 1.350587
v 2.915394 3.946956 0.414238
v 3.784531 3.884797 0.537658
v 2.112615 3.934036 1.523178
v 2.843163 3.880195 0.915279
v 2.083579 3.958179 0.889314
v 1.439775 4.043181 1.211820
v 1.373519 4.043443 1.638780
v 0.674231 2.407799 -0.199826
v 0.674196 2.182644 -0.399779
v 0.674187 1.914766 -0.544989
v 0.674055 1.595251 -0.560301
v 0.674031 1.241140 -0.406157
v 0.714701 1.167807 -0.308410
v 0.670720 0.944560 -0.260235
v 0.655767 0.721950 -0.215676
v 0.721590 0.500737 -0.157399
v 0.672449 0.252579 -0.143151
v 0.782040 0.166205 -0.047170
v 0.904678 0.101811 0.111668
v 0.940100 0.041442 0.436479
v 0.991546 0.028828 0.577439
v 0.828808 0.099328 0.332354
v 0.820345 0.054665 0.624965
v 0.769889 0.047379 0.634196
v 0.688336 0.147568 0.325157
v 0.660599 0.114877 0.305159
v 0.648068 0.089734 0.458786
v 0.578241 0.063922 0.513796
v 0.568997 0.064291 0.661251
v 0.578401 0.141244 0.619952
v 0.577981 0.170886 0.465542
v 0.573937 0.204449 0.327211
v 0.631660 0.254014 0.236898
v 0.665041 0.258997 0.161416
v 0.621262 0.230023 0.096569
v 0.661456 0.274722 0.082627
v 0.672749 0.366771 0.000461
v 0.675678 0.537513 0.010029
v 0.679418 0.767537 -0.023834
v 0.694932 0.943960 -0.023144
v 0.675574 1.150520 -0.030211
v 0.674627 1.337756 -0.060369
v 0.674150 1.469770 0.131570
v 0.626846 1.627547 0.274732
v 0.674181 1.847274 0.384150
v 0.674189 2.293854 0.544986
v 0.695162 2.447880 0.586503
v 0.636204 2.515791 0.542574
v 0.674194 2.572874 0.384581
v 0.674199 2.589255 0.112153
v 0.848810 0.187188 0.307131
v 0.790676 2.293858 0.516700
v 0.835209 0.214066 0.050101
v 0.810647 0.159393 0.397578
v 0.584946 0.184467 0.577397
v 0.793456 0.098860 0.617444
v 0.913947 0.199059 0.179546
v 0.748501 0.213603 0.320411
v 0.761408 2.505434 0.511660
v 0.808588 2.374342 -0.195818
v 0.801678 1.499503 0.124273
v 0.717354 0.328354 -0.001681
v 0.792607 1.090917 -0.068325
v 0.809781 1.897321 -0.517142
v 0.646115 0.209166 0.363326
v 0.811586 1.945934 0.388531
v 0.663311 0.308531 0.024901
v 0.637288 0.162357 0.476637
v 0.640336 0.084275 0.541792
v 0.800903 2.557061 0.122714
v 0.766250 0.729125 -0.160392
v 0.763089 0.564538 -0.071407
v 0.766370 0.935827 -0.225385
v 0.749911 0.329321 -0.101188
v 0.831811 2.532960 0.333461
v 0.808047 1.729481 0.305575
v 0.836568 1.662650 -0.520665
v 0.859564 2.164503 -0.356699
v 0.808020 1.509517 -0.499545
v 0.830869 1.343378 -0.085199
v 0.795290 1.267921 -0.379323
v 0.895249 2.382571 0.402206
v 0.846950 1.205691 -0.200797
v 0.943706 1.589375 0.067380
v 0.941069 2.041804 0.327320
v 1.032148 1.944211 -0.231498
v 0.984109 1.564207 -0.275029
v 0.993926 2.300437 0.070705
v 1.039326 1.946023 0.098035
v 0.603938 0.103447 0.277715
v 0.570805 2.371164 0.542678
v 0.619963 0.135374 -0.093742
v 0.774987 0.053659 0.358058
v 0.597467 0.076422 0.432030
v 0.524859 0.091473 0.558786
v 0.810866 0.014431 0.097884
v 0.719042 0.065585 0.327736
v 0.539824 2.374331 -0.195825
v 0.546431 1.501201 0.124910
v 0.519819 1.345960 -0.089505
v 0.618038 0.836729 -0.081389
v 0.557768 1.144018 -0.074877
v 0.617310 0.367605 -0.050240
v 0.538534 1.897371 -0.517082
v 0.552384 0.139011 0.433164
v 0.700096 0.016957 0.163658
v 0.547498 2.557062 0.122713
v 0.525994 1.862518 0.356041
v 0.590358 0.690772 -0.155358
v 0.567267 0.927002 -0.205724
v 0.606355 0.529827 -0.164901
v 0.573117 1.172094 -0.283494
v 0.516578 2.532961 0.333461
v 0.511087 1.663013 -0.519855
v 0.488830 2.164486 -0.356718
v 0.540097 1.508479 -0.498453
v 0.542274 1.311740 -0.395627
v 0.453135 2.382572 0.402207
v 0.500585 1.226320 -0.192066
v 0.404963 1.592015 0.069903
v 0.407278 2.041714 0.327268
v 0.316683 1.948253 -0.231259
v 0.368137 1.556680 -0.283348
v 0.354465 2.300440 0.070708
v 0.308984 1.945351 0.097731
v -0.021893 1.552238 -4.696868
v -0.042582 6.504364 3.776628
v -0.125916 5.480001 2.344370
v -0.212101 3.257812 -2.085940
v -0.101796 6.657404 3.567470
v -0.124286 6.865267 3.213361
v -0.118344 6.860616 3.037058
v -0.099269 6.196003 3.271557
v -0.076890 5.499510 2.978013
v -0.155638 5.290095 2.121308
v -0.124279 4.562886 2.647286
v -0.235894 4.041806 2.469904
v -0.248963 2.654122 2.464480
v -0.232252 2.094500 1.976702
v -0.279351 1.788308 1.061408
v -0.242897 3.769435 -1.330377
v -0.272705 3.121702 -2.189623
v -0.275372 2.900517 -2.262593
v -0.324352 2.720310 -2.348234
v -0.207430 2.318082 -3.069113
v -0.145545 2.189484 -3.392530
v -0.145659 1.856976 -4.038463
v -0.317318 1.548908 -0.727723
v -0.109810 1.652294 -4.496552
v -0.153215 1.351395 -3.306484
v -0.127755 1.169632 -4.063003
v -0.088652 5.029545 2.741812
v -0.183442 2.475853 2.403769
v -0.267693 2.368602 2.282658
v -0.218672 3.409580 -1.924311
v -0.131116 6.488940 3.429379
v -0.118383 6.765327 3.379639
v -0.078045 5.717308 3.100682
v -0.105323 5.295263 2.841926
v -0.104266 5.674435 2.427453
v -0.113336 4.789693 2.665938
v -0.176185 5.154846 1.911069
v -0.222728 4.458077 2.511841
v -0.131056 4.474388 2.568357
v -0.255687 3.664840 2.554757
v -0.206177 4.879184 1.444184
v -0.275435 4.694354 1.227967
v -0.291271 2.984557 2.524373
v -0.303445 2.277476 2.155058
v -0.229117 1.883821 1.565683
v -0.215864 1.931103 1.754410
v -0.259405 4.581963 0.921904
v -0.292974 1.893669 1.370767
v -0.319616 1.696049 0.840596
v -0.282910 1.585893 0.591249
v -0.288391 4.398888 0.019902
v -0.343065 4.323840 -0.237683
v -0.256731 4.217828 -0.521094
v -0.268862 3.919226 -1.013460
v -0.344418 4.065417 -0.753348
v -0.261724 3.623698 -1.556864
v -0.207036 2.567758 -2.583728
v -0.200046 1.549678 -2.273584
v -0.183585 2.453422 -2.826312
v -0.153577 1.457767 -3.122954
v -0.159831 2.048278 -3.619452
v -0.157342 1.957476 -3.802379
v -0.388393 1.778425 -1.243726
v -0.240792 1.622114 -1.971837
v -0.223692 1.679847 -1.713335
v -0.162282 1.755147 -4.232446
v -0.111814 1.514835 -4.544367
v -0.157852 1.218395 -3.617954
v -0.146256 1.274984 -3.460315
v -0.194480 1.174746 -3.853161
v -0.214900 3.517038 -1.764925
v -0.105953 6.738168 2.762585
v -0.115133 6.601254 2.625875
v -0.230584 4.443151 2.382508
v -0.230117 5.003248 1.626495
v -0.240387 4.214687 2.441626
v -0.200708 1.596707 -2.881244
v -0.130572 1.292082 -4.283599
v -0.291668 1.621150 -0.990728
v -0.111559 6.369048 2.528816
v -0.084900 6.525738 3.589934
v -0.307321 4.491963 0.634368
v -0.282303 1.507988 -0.471417
v -0.113166 6.027502 2.479900
v -0.251085 3.441894 2.595103
v -0.257290 1.524101 0.309784
v -0.370849 1.785823 -1.426346
v -0.292775 1.520447 -0.059273
v -0.293491 3.228276 2.584249
v -0.209474 1.553129 -2.576907
v -0.278127 4.460503 0.301495
v -0.195844 6.634816 3.423084
v -0.178832 5.536682 2.861799
v -0.477580 2.146839 1.887351
v -0.525586 3.442435 -1.650369
v -0.601300 4.481397 1.051091
v -0.555345 1.646366 0.346234
v -0.506678 3.789457 -1.081071
v -0.417512 2.433838 -2.579577
v -0.301090 2.134667 -3.282586
v -0.246961 1.334169 -4.174261
v -0.298408 1.420275 -3.401398
v -0.571247 4.615415 1.350143
v -0.601661 1.868953 0.928134
v -0.222597 6.398989 2.666475
v -0.592110 4.374308 0.612942
v -0.607368 4.303011 0.174970
v -0.288880 4.675068 2.530118
v -0.191646 5.729574 2.551706
v -0.581363 3.851469 2.359316
v -0.435811 1.706199 -2.172836
v -0.226188 5.385827 2.390217
v -0.241268 6.697150 3.008907
v -0.339733 5.083310 1.984840
v -0.361233 1.700265 -2.947026
v -0.600350 1.646189 -0.317352
v -0.470225 1.998682 1.612799
v -0.181249 6.094892 3.128588
v -0.489932 4.523821 2.172857
v -0.690639 1.780999 -0.797682
v -0.770632 4.016485 -0.343549
v -0.451321 4.880445 2.121901
v -0.773438 2.048160 -1.336627
v -0.337030 1.552170 -4.099951
v -0.427914 1.800890 -3.231896
v -0.597650 2.937376 2.356278
v -0.226489 5.449173 2.607848
v -0.674609 2.531557 2.093440
v -0.233379 5.945322 2.833494
v -0.574226 3.152731 -1.923880
v -0.605781 2.615025 -2.191471
v -0.861523 2.020606 0.782111
v -0.316311 5.137035 2.393386
v -0.773742 3.565352 -1.117358
v -0.262146 6.551652 3.174084
v -0.373002 1.455465 -3.704310
v -0.813592 2.866597 2.102427
v -0.458570 2.233731 -2.778440
v -0.674570 3.480846 2.344739
v -0.754945 2.235122 1.625918
v -0.499833 1.835668 -2.619099
v -0.780814 4.428321 1.502107
v -0.891276 3.894739 1.973317
v -0.489598 2.005938 -2.843207
v -0.343967 1.900573 -3.585905
v -0.716343 2.053716 -1.838145
v -0.816388 3.015431 -1.693395
v -0.667451 2.350603 -2.232933
v -0.973394 2.000025 -0.118557
v -0.699810 2.183528 -2.131969
v -0.963349 2.434754 1.456292
v -1.035117 2.925600 1.752430
v -0.977634 3.850103 -0.128495
v -0.845015 1.870517 0.243538
v -0.999483 2.764485 -1.380297
v -1.124999 3.698240 0.161220
v -1.166702 3.314658 -0.391953
v -1.044261 2.182044 -0.599452
v -0.929727 2.363631 -1.475585
v -1.192918 2.960332 -0.583010
v -1.207078 2.640953 -0.459936
v -1.024708 3.325164 -0.909466
v -0.835149 4.327673 1.691367
v -0.634660 4.549228 1.986602
v -1.156196 2.346735 0.186259
v -1.066044 2.261467 0.658292
v -1.161881 2.618003 1.018103
v -1.201970 2.943172 1.188875
v -0.914714 4.093824 0.470057
v -1.103713 3.859163 1.167665
v -1.040098 4.008195 1.044087
v -1.257374 3.235651 0.090959
v -1.264816 3.360360 0.713572
v -1.199883 3.519809 1.147196
v -1.272337 2.804018 0.476927
v -1.030653 3.728826 1.765218
v -0.863924 3.352777 2.130944
v -1.174746 3.291169 1.424517
v -0.785885 4.361586 1.152371
v -1.171886 4.332689 0.829938
v -1.388996 4.327852 0.628320
v -1.627976 4.317897 0.427562
v -1.926472 4.268931 0.320912
v -2.313745 4.226975 0.213788
v -2.659605 4.188626 0.132813
v -2.949977 4.152305 0.133673
v -3.307538 4.105459 0.170100
v -3.630532 4.060818 0.241814
v -3.932420 4.021190 0.273852
v -4.301887 3.966231 0.288743
v -4.499774 3.934030 0.353257
v -4.587386 3.908724 0.492020
v -4.551970 3.935932 0.581876
v -4.196152 3.955732 0.816561
v -3.831759 3.990101 1.002622
v -3.592521 4.025770 1.135137
v -3.372338 4.031281 1.273168
v -3.100069 4.055009 1.444885
v -2.888240 4.071806 1.606490
v -2.598938 4.095980 1.805849
v -2.366940 4.140483 1.937974
v -2.168473 4.143724 2.044754
v -1.857005 4.169488 2.125609
v -1.604593 4.186563 2.142103
v -1.242862 4.248635 2.084906
v -0.875350 4.301430 1.969915
v -0.676023 4.344051 1.836771
v -0.622504 4.346510 1.744612
v -0.661275 4.343232 1.526611
v -0.780377 4.421088 1.271646
v -1.856302 4.353584 0.388079
v -1.595759 4.265506 2.113956
v -2.566131 4.184411 1.792538
v -3.187317 4.118542 1.367638
v -2.143876 4.318258 0.293983
v -3.014080 4.213593 0.177798
v -3.620422 4.137259 0.285781
v -4.263870 4.017770 0.316337
v -0.700542 4.405332 1.535641
v -1.209706 4.411737 0.860681
v -1.854374 4.236335 2.103088
v -2.867468 4.149097 1.593155
v -2.724343 4.246899 0.155263
v -3.307935 4.164569 0.199252
v -4.257786 4.009657 0.742190
v -3.960228 4.079368 0.319017
v -4.508358 3.979243 0.402816
v -0.912661 4.371641 1.939265
v -1.246378 4.321711 2.052482
v -3.404181 4.100749 1.224984
v -2.395570 4.285332 0.237837
v -3.698316 4.062509 1.052843
v -3.974257 4.033381 0.900807
v -2.063409 4.246644 2.031082
v -0.891731 4.442738 1.151336
v -1.505942 4.378023 0.567658
v -1.664318 4.449240 0.646967
v -1.594866 4.355986 2.002223
v -2.290374 4.392780 0.430038
v -0.854608 4.453749 1.644628
v -3.648523 4.160776 0.905169
v -2.940013 4.251714 1.370849
v -2.962658 4.325413 0.436912
v -3.818628 4.157679 0.554008
v -2.171353 4.404245 1.551351
v -2.901638 4.348462 0.943335
v -2.146594 4.462649 0.919543
v -1.496930 4.500735 1.239236
v -1.426360 4.466527 1.664128
v -0.764210 4.291651 1.263889
v -1.836711 4.196772 0.378684
v -2.545654 4.020482 1.782718
v -3.170206 3.981554 1.359431
v -2.125516 4.171341 0.285183
v -2.996448 4.072426 0.169340
v -3.601352 3.984564 0.276633
v -4.118851 3.938413 0.322284
v -1.188720 4.243732 0.850616
v -1.643715 4.233394 0.442240
v -1.838403 4.108449 2.095425
v -2.306720 4.020373 1.896834
v -2.849345 4.004050 1.584462
v -2.707749 4.114040 0.147303
v -3.293004 4.045052 0.192091
v -4.243774 3.897474 0.735468
v -3.936897 3.969175 0.299526
v -0.894759 4.228321 1.930678
v -1.228835 4.181262 2.044067
v -3.424523 3.958743 1.189265
v -2.378411 4.147933 0.229605
v -3.683918 3.947226 1.045935
v -3.960785 3.925492 0.894341
v -2.106190 4.079258 2.027533
v -0.728490 4.237647 1.781414
v -0.868617 4.257666 1.140246
v -1.435675 4.239509 0.612536
v -1.623359 4.121340 0.627320
v -1.558990 4.068771 1.985015
v -2.247272 4.047720 0.409367
v -3.613696 3.882226 0.888493
v -2.897818 3.913638 1.350587
v -2.915394 3.946956 0.414238
v -3.784531 3.884797 0.537657
v -2.112614 3.934037 1.523178
v -2.843163 3.880195 0.915278
v -2.083578 3.958179 0.889314
v -1.439776 4.043181 1.211820
v -1.373519 4.043443 1.638780
v -0.674231 2.407799 -0.199826
v -0.674196 2.182644 -0.399779
v -0.674187 1.914766 -0.544989
v -0.674055 1.595251 -0.560301
v -0.674031 1.241140 -0.406157
v -0.714701 1.167807 -0.308410
v -0.670720 0.944560 -0.260235
v -0.655767 0.721950 -0.215676
v -0.721590 0.500737 -0.157399
v -0.672449 0.252579 -0.143151
v -0.782040 0.166205 -0.047170
v -0.904678 0.101811 0.111668
v -0.940100 0.041442 0.436479
v -0.991546 0.028828 0.577439
v -0.828808 0.099328 0.332354
v -0.820345 0.054665 0.624965
v -0.769889 0.047379 0.634196
v -0.688336 0.147568 0.325157
v -0.660599 0.114877 0.305159
v -0.648068 0.089734 0.458786
v -0.578241 0.063922 0.513796
v -0.568997 0.064291 0.661251
v -0.578401 0.141244 0.619952
v -0.577981 0.170886 0.465542
v -0.573937 0.204449 0.327211
v -0.631660 0.254014 0.236898
v -0.665041 0.258997 0.161416
v -0.621262 0.230023 0.096569
v -0.661456 0.274722 0.082627
v -0.672749 0.366771 0.000461
v -0.675678 0.537513 0.010029
v -0.679418 0.767537 -0.023834
v -0.694932 0.943960 -0.023144
v -0.675574 1.150520 -0.030211
v -0.674627 1.337756 -0.060369
v -0.674150 1.469770 0.131570
v -0.626846 1.627547 0.274732
v -0.674181 1.847274 0.384151
v -0.674189 2.293854 0.544986
v -0.695162 2.447880 0.586503
v -0.636204 2.515792 0.542574
v -0.674194 2.572875 0.384581
v -0.674199 2.589255 0.112153
v -0.848810 0.187188 0.307131
v -0.790676 2.293858 0.516700
v -0.835209 0.214066 0.050101
v -0.810647 0.159393 0.397578
v -0.584946 0.184467 0.577397
v -0.793456 0.098860 0.617444
v -0.913947 0.199059 0.179546
v -0.748501 0.213603 0.320411
v -0.761408 2.505434 0.511660
v -0.808588 2.374343 -0.195818
v -0.801678 1.499503 0.124273
v -0.717354 0.328354 -0.001681
v -0.792607 1.090917 -0.068325
v -0.809781 1.897321 -0.517142
v -0.646115 0.209166 0.363326
v -0.811586 1.945934 0.388531
v -0.663311 0.308531 0.024901
v -0.637288 0.162357 0.476637
v -0.640336 0.084275 0.541792
v -0.800903 2.557061 0.122714
v -0.766250 0.729125 -0.160392
v -0.763089 0.564538 -0.071407
v -0.766370 0.935827 -0.225385
v -0.749911 0.329321 -0.101188
v -0.831811 2.532960 0.333461
v -0.808047 1.729481 0.305575
v -0.836568 1.662650 -0.520665
v -0.859564 2.164503 -0.356699
v -0.808020 1.509517 -0.499545
v -0.830869 1.343378 -0.085199
v -0.795290 1.267921 -0.379323
v -0.895249 2.382571 0.402206
v -0.846950 1.205691 -0.200797
v -0.943706 1.589376 0.067380
v -0.941069 2.041804 0.327320
v -1.032148 1.944211 -0.231498
v -0.984109 1.564207 -0.275029
v -0.993926 2.300438 0.070705
v -1.039326 1.946023 0.098035
v -0.603938 0.103447 0.277715
v -0.570805 2.371164 0.542678
v -0.619963 0.135374 -0.093742
v -0.774987 0.053659 0.358058
v -0.597467 0.076422 0.432030
v -0.524859 0.091473 0.558786
v -0.810866 0.014431 0.097884
v -0.719042 0.065585 0.327736
v -0.539824 2.374331 -0.195825
v -0.546431 1.501201 0.124910
v -0.519819 1.345960 -0.089505
v -0.618038 0.836729 -0.081389
v -0.557768 1.144018 -0.074877
v -0.617310 0.367605 -0.050240
v -0.538534 1.897371 -0.517082
v -0.552384 0.139011 0.433164
v -0.700096 0.016957 0.163658
v -0.547498 2.557062 0.122713
v -0.525994 1.862518 0.356041
v -0.590358 0.690772 -0.155358
v -0.567267 0.927002 -0.205724
v -0.606355 0.529827 -0.164901
v -0.573117 1.172094 -0.283494
v -0.516578 2.532961 0.333461
v -0.511087 1.663013 -0.519855
v -0.488830 2.164486 -0.356718
v -0.540097 1.508479 -0.498453
v -0.542274 1.311740 -0.395627
v -0.453135 2.382572 0.402207
v -0.500585 1.226320 -0.192066
v -0.404963 1.592015 0.069903
v -0.407278 2.041714 0.327268
v -0.316683 1.948253 -0.231259
v -0.368137 1.556680 -0.283348
v -0.354465 2.300441 0.070708
v -0.308984 1.945351 0.097731
vt 0.140034 0.865229
vt 0.145548 0.864845
vt 0.157574 0.876628
vt 0.408086 0.609713
vt 0.377560 0.625712
vt 0.366367 0.614097
vt 0.264037 0.540802
vt 0.271025 0.519028
vt 0.270673 0.564937
vt 0.140611 0.848198
vt 0.156765 0.846534
vt 0.141199 0.853094
vt 0.573718 0.541326
vt 0.547869 0.555714
vt 0.568540 0.537106
vt 0.154888 0.843528
vt 0.198209 0.893480
vt 0.180713 0.893093
vt 0.181343 0.888733
vt 0.927508 0.196295
vt 0.922439 0.196326
vt 0.909497 0.183066
vt 0.938632 0.219040
vt 0.884321 0.186925
vt 0.861785 0.190674
vt 0.887228 0.178516
vt 0.696564 0.244848
vt 0.695717 0.249918
vt 0.670568 0.254798
vt 0.365817 0.280792
vt 0.407323 0.274733
vt 0.343325 0.294398
vt 0.467553 0.588216
vt 0.476599 0.569048
vt 0.494525 0.578673
vt 0.755247 0.357621
vt 0.753474 0.354808
vt 0.779366 0.345060
vt 0.196843 0.760280
vt 0.173537 0.813482
vt 0.179802 0.786953
vt 0.218554 0.718546
vt 0.212972 0.735841
vt 0.195885 0.755216
vt 0.339130 0.667572
vt 0.355688 0.647827
vt 0.355921 0.652226
vt 0.294720 0.321210
vt 0.292186 0.332390
vt 0.281042 0.344303
vt 0.227828 0.707388
vt 0.786751 0.241133
vt 0.811548 0.224222
vt 0.793999 0.250628
vt 0.815712 0.216785
vt 0.829908 0.209859
vt 0.234804 0.861281
vt 0.228703 0.875194
vt 0.223303 0.876531
vt 0.261344 0.652710
vt 0.239316 0.679518
vt 0.245655 0.659455
vt 0.287701 0.699235
vt 0.280471 0.711396
vt 0.266115 0.723955
vt 0.835822 0.201086
vt 0.199230 0.889247
vt 0.245155 0.834139
vt 0.245623 0.842664
vt 0.315016 0.314340
vt 0.328253 0.288883
vt 0.246860 0.756989
vt 0.258197 0.748643
vt 0.629591 0.257759
vt 0.644042 0.266347
vt 0.624988 0.263952
vt 0.251033 0.792760
vt 0.262768 0.744651
vt 0.302147 0.673508
vt 0.309070 0.682777
vt 0.957126 0.222045
vt 0.957480 0.224252
vt 0.943278 0.213030
vt 0.123012 0.846426
vt 0.124460 0.845075
vt 0.238001 0.676078
vt 0.243948 0.652883
vt 0.120814 0.847010
vt 0.307169 0.688927
vt 0.254029 0.628141
vt 0.271120 0.614014
vt 0.261555 0.626562
vt 0.255267 0.413182
vt 0.247922 0.425082
vt 0.254824 0.398786
vt 0.268266 0.625859
vt 0.916448 0.251649
vt 0.939335 0.237930
vt 0.940711 0.241521
vt 0.469352 0.592363
vt 0.494847 0.582941
vt 0.251383 0.638490
vt 0.957278 0.226551
vt 0.853652 0.189706
vt 0.261199 0.541030
vt 0.251333 0.495374
vt 0.246441 0.490001
vt 0.163928 0.877377
vt 0.167156 0.862256
vt 0.276004 0.603772
vt 0.273958 0.595330
vt 0.267694 0.564690
vt 0.757119 0.241237
vt 0.717376 0.260530
vt 0.726722 0.243708
vt 0.656848 0.463043
vt 0.648526 0.484005
vt 0.626543 0.499997
vt 0.249159 0.442695
vt 0.838437 0.217148
vt 0.845533 0.198421
vt 0.597362 0.518434
vt 0.262259 0.374974
vt 0.257646 0.377588
vt 0.268853 0.355219
vt 0.277405 0.340876
vt 0.337123 0.663591
vt 0.263933 0.358508
vt 0.377696 0.630302
vt 0.598566 0.521396
vt 0.409294 0.613696
vt 0.434783 0.601690
vt 0.435235 0.596879
vt 0.306534 0.309452
vt 0.313198 0.296304
vt 0.337181 0.282123
vt 0.345753 0.283137
vt 0.364812 0.277184
vt 0.706923 0.435804
vt 0.700515 0.439688
vt 0.708890 0.421776
vt 0.868766 0.218298
vt 0.821253 0.266886
vt 0.391582 0.261913
vt 0.232737 0.838603
vt 0.394280 0.264427
vt 0.421422 0.247890
vt 0.727024 0.239058
vt 0.442686 0.244354
vt 0.450214 0.236477
vt 0.261690 0.712721
vt 0.867915 0.287344
vt 0.877357 0.277358
vt 0.898022 0.268941
vt 0.519706 0.566930
vt 0.530465 0.569830
vt 0.551435 0.557499
vt 0.627210 0.503573
vt 0.649528 0.487673
vt 0.672887 0.471918
vt 0.668327 0.471280
vt 0.684617 0.459476
vt 0.691059 0.456720
vt 0.805886 0.328416
vt 0.803692 0.324743
vt 0.836155 0.305910
vt 0.417560 0.254867
vt 0.718497 0.412901
vt 0.719247 0.392949
vt 0.168068 0.818356
vt 0.726850 0.383272
vt 0.727859 0.371641
vt 0.778970 0.341295
vt 0.837671 0.308947
vt 0.199975 0.870374
vt 0.899260 0.264301
vt 0.915943 0.257021
vt 0.603630 0.239710
vt 0.684962 0.426274
vt 0.712895 0.363280
vt 0.564767 0.224489
vt 0.598063 0.242356
vt 0.571535 0.233338
vt 0.670687 0.250960
vt 0.786759 0.237924
vt 0.470277 0.234358
vt 0.470888 0.229603
vt 0.500574 0.224983
vt 0.437689 0.582901
vt 0.526943 0.222585
vt 0.547653 0.227888
vt 0.506262 0.229239
vt 0.759854 0.236215
vt 0.825281 0.301243
vt 0.296476 0.359966
vt 0.856180 0.272476
vt 0.859184 0.288578
vt 0.903355 0.183756
vt 0.254574 0.797105
vt 0.603628 0.503380
vt 0.245602 0.468756
vt 0.241713 0.456256
vt 0.466702 0.250972
vt 0.269982 0.409166
vt 0.754158 0.341480
vt 0.578781 0.261300
vt 0.221688 0.738409
vt 0.663954 0.410029
vt 0.329417 0.577545
vt 0.282888 0.652726
vt 0.901811 0.227668
vt 0.912031 0.201915
vt 0.188307 0.801934
vt 0.288338 0.602699
vt 0.341568 0.324231
vt 0.423268 0.292637
vt 0.396766 0.597896
vt 0.450565 0.544233
vt 0.775129 0.316986
vt 0.217146 0.787978
vt 0.531828 0.532182
vt 0.606329 0.476337
vt 0.184465 0.853762
vt 0.263008 0.681327
vt 0.293387 0.397060
vt 0.268536 0.475089
vt 0.719552 0.333962
vt 0.530829 0.245712
vt 0.759482 0.275056
vt 0.587470 0.450219
vt 0.355814 0.346762
vt 0.354002 0.595645
vt 0.398224 0.542617
vt 0.683758 0.297930
vt 0.633566 0.292807
vt 0.242890 0.722867
vt 0.308673 0.595963
vt 0.306638 0.524848
vt 0.510833 0.513567
vt 0.782327 0.289582
vt 0.711705 0.313097
vt 0.325788 0.405018
vt 0.289319 0.456513
vt 0.512027 0.291971
vt 0.478019 0.274341
vt 0.398144 0.365169
vt 0.634987 0.383681
vt 0.636532 0.344399
vt 0.433855 0.320076
vt 0.482471 0.335185
vt 0.560321 0.312546
vt 0.482310 0.498624
vt 0.546313 0.366590
vt 0.556832 0.408619
vt 0.537571 0.451647
vt 0.328811 0.498108
vt 0.452574 0.388006
vt 0.434875 0.456031
vt 0.489673 0.443201
vt 0.382109 0.406335
vt 0.357383 0.451615
vt 0.385495 0.479357
vt 0.384338 0.518210
vt 0.476638 0.580629
vt 0.494629 0.563327
vt 0.504336 0.560898
vt 0.332685 0.583894
vt 0.358314 0.597588
vt 0.332359 0.587127
vt 0.344974 0.450667
vt 0.362408 0.426414
vt 0.354431 0.461732
vt 0.367601 0.603617
vt 0.540656 0.523198
vt 0.565236 0.503937
vt 0.537213 0.531610
vt 0.548348 0.334344
vt 0.573568 0.320716
vt 0.560988 0.331007
vt 0.312928 0.573367
vt 0.611331 0.300610
vt 0.590277 0.315899
vt 0.446300 0.588420
vt 0.458067 0.582735
vt 0.327770 0.490095
vt 0.315176 0.530821
vt 0.325324 0.486641
vt 0.310821 0.531580
vt 0.520087 0.542844
vt 0.344368 0.446693
vt 0.361011 0.423323
vt 0.619598 0.401484
vt 0.601149 0.436893
vt 0.615646 0.400822
vt 0.387723 0.400615
vt 0.382263 0.411198
vt 0.657875 0.331897
vt 0.653640 0.334104
vt 0.664803 0.308448
vt 0.568351 0.349388
vt 0.334240 0.560915
vt 0.308693 0.560356
vt 0.466304 0.368912
vt 0.431906 0.382033
vt 0.433078 0.376917
vt 0.466860 0.364574
vt 0.492752 0.356503
vt 0.528857 0.346080
vt 0.523416 0.343909
vt 0.485833 0.376923
vt 0.633466 0.364694
vt 0.661297 0.304084
vt 0.504185 0.355826
vt 0.519043 0.517258
vt 0.566985 0.496668
vt 0.584161 0.476244
vt 0.584857 0.467945
vt 0.650598 0.288537
vt 0.620393 0.301054
vt 0.636260 0.369424
vt 0.604097 0.438441
vt 0.416628 0.588096
vt 0.417030 0.593971
vt 0.408556 0.389857
vt 0.659052 0.291792
vt 0.607810 0.364798
vt 0.460867 0.565604
vt 0.376526 0.594607
vt 0.559999 0.453273
vt 0.518060 0.419526
vt 0.425259 0.442368
vt 0.370095 0.500862
vt 0.471258 0.495449
vt 0.407224 0.532862
vt 0.476974 0.577447
vt 0.494629 0.563327
vt 0.354431 0.461732
vt 0.362408 0.426414
vt 0.358314 0.597588
vt 0.316855 0.560227
vt 0.540656 0.523197
vt 0.560989 0.331007
vt 0.450553 0.584026
vt 0.590278 0.315899
vt 0.327770 0.490095
vt 0.315176 0.530821
vt 0.406640 0.395754
vt 0.384959 0.406215
vt 0.520086 0.542845
vt 0.533294 0.344410
vt 0.615646 0.400822
vt 0.601149 0.436894
vt 0.634580 0.365787
vt 0.644406 0.346422
vt 0.431906 0.382033
vt 0.568348 0.349390
vt 0.466304 0.368913
vt 0.485835 0.376920
vt 0.504185 0.355826
vt 0.519043 0.517257
vt 0.566985 0.496668
vt 0.584857 0.467945
vt 0.620393 0.301054
vt 0.416628 0.588096
vt 0.607810 0.364799
vt 0.460867 0.565605
vt 0.376527 0.594606
vt 0.559999 0.453272
vt 0.518061 0.419525
vt 0.425258 0.442369
vt 0.370096 0.500862
vt 0.471257 0.495450
vt 0.407224 0.532862
vt 0.447542 0.348302
vt 0.437468 0.333174
vt 0.439731 0.333741
vt 0.455032 0.345659
vt 0.435874 0.323033
vt 0.490877 0.257530
vt 0.473218 0.277794
vt 0.478072 0.266559
vt 0.541468 0.175678
vt 0.546961 0.194821
vt 0.542824 0.183879
vt 0.471984 0.361602
vt 0.543443 0.180058
vt 0.472210 0.357402
vt 0.543358 0.169421
vt 0.539549 0.171115
vt 0.537446 0.166187
vt 0.448034 0.310244
vt 0.444776 0.308795
vt 0.530435 0.340403
vt 0.528671 0.307837
vt 0.557050 0.317879
vt 0.507987 0.355120
vt 0.537451 0.156394
vt 0.535820 0.148605
vt 0.538756 0.149991
vt 0.558602 0.321678
vt 0.475383 0.289918
vt 0.534749 0.344906
vt 0.507213 0.359742
vt 0.536304 0.170228
vt 0.530151 0.152326
vt 0.543357 0.168416
vt 0.551168 0.181950
vt 0.551421 0.193410
vt 0.572577 0.239040
vt 0.569691 0.240579
vt 0.565831 0.219644
vt 0.497326 0.248349
vt 0.543991 0.165241
vt 0.546799 0.172183
vt 0.542734 0.151221
vt 0.542252 0.167819
vt 0.542051 0.149849
vt 0.538984 0.164588
vt 0.535757 0.157633
vt 0.546657 0.164382
vt 0.550583 0.175721
vt 0.516820 0.237524
vt 0.540459 0.232499
vt 0.516228 0.241816
vt 0.541876 0.190273
vt 0.548330 0.212486
vt 0.544634 0.202635
vt 0.556299 0.191032
vt 0.556401 0.194392
vt 0.554039 0.185532
vt 0.518377 0.254738
vt 0.547756 0.161363
vt 0.551052 0.181522
vt 0.553799 0.179795
vt 0.558791 0.195668
vt 0.556277 0.196360
vt 0.544698 0.145948
vt 0.541955 0.145710
vt 0.546604 0.171213
vt 0.532592 0.144171
vt 0.528648 0.142968
vt 0.552287 0.176851
vt 0.547944 0.169058
vt 0.573013 0.286651
vt 0.566664 0.293482
vt 0.572094 0.273963
vt 0.545335 0.218537
vt 0.542663 0.235661
vt 0.454370 0.325795
vt 0.542244 0.168805
vt 0.539921 0.156674
vt 0.536303 0.145045
vt 0.537859 0.143574
vt 0.543482 0.149863
vt 0.539223 0.151960
vt 0.499696 0.292197
vt 0.490051 0.332477
vt 0.556957 0.223422
vt 0.548329 0.271398
vt 0.455032 0.345659
vt 0.442248 0.317940
vt 0.472210 0.357402
vt 0.555461 0.196913
vt 0.550133 0.178468
vt 0.545379 0.192054
vt 0.548939 0.217332
vt 0.480068 0.269627
vt 0.530437 0.340402
vt 0.557046 0.317884
vt 0.528927 0.310380
vt 0.536951 0.159594
vt 0.507988 0.355119
vt 0.475391 0.289909
vt 0.552788 0.196117
vt 0.553245 0.185954
vt 0.564580 0.220691
vt 0.570316 0.246701
vt 0.549019 0.268634
vt 0.539337 0.158700
vt 0.549874 0.176226
vt 0.546160 0.174044
vt 0.518140 0.254833
vt 0.541161 0.167887
vt 0.550233 0.200659
vt 0.516080 0.241855
vt 0.543832 0.165905
vt 0.542828 0.166930
vt 0.536523 0.155013
vt 0.547793 0.165303
vt 0.540661 0.145057
vt 0.566604 0.293486
vt 0.572122 0.273743
vt 0.542598 0.235465
vt 0.454370 0.325795
vt 0.538003 0.147878
vt 0.499755 0.292148
vt 0.490051 0.332477
vt 0.556087 0.225071
vt 0.145548 0.864845
vt 0.408086 0.609713
vt 0.366367 0.614097
vt 0.377560 0.625712
vt 0.264037 0.540802
vt 0.270673 0.564937
vt 0.271025 0.519028
vt 0.141199 0.853094
vt 0.156765 0.846534
vt 0.568540 0.537106
vt 0.547869 0.555714
vt 0.181343 0.888733
vt 0.922439 0.196326
vt 0.938632 0.219040
vt 0.884321 0.186925
vt 0.861785 0.190674
vt 0.670568 0.254798
vt 0.695717 0.249918
vt 0.365817 0.280792
vt 0.343325 0.294398
vt 0.407323 0.274733
vt 0.467553 0.588216
vt 0.494525 0.578673
vt 0.476599 0.569048
vt 0.753474 0.354808
vt 0.196843 0.760280
vt 0.173537 0.813482
vt 0.212972 0.735841
vt 0.355688 0.647827
vt 0.281042 0.344303
vt 0.292186 0.332390
vt 0.227828 0.707388
vt 0.786751 0.241133
vt 0.793999 0.250628
vt 0.811548 0.224222
vt 0.829908 0.209859
vt 0.234804 0.861281
vt 0.223303 0.876531
vt 0.261344 0.652710
vt 0.245655 0.659455
vt 0.239316 0.679518
vt 0.287701 0.699235
vt 0.266115 0.723955
vt 0.199230 0.889247
vt 0.245155 0.834139
vt 0.315016 0.314340
vt 0.328253 0.288883
vt 0.246860 0.756989
vt 0.258197 0.748643
vt 0.624988 0.263952
vt 0.644042 0.266347
vt 0.251033 0.792760
vt 0.302147 0.673508
vt 0.309070 0.682777
vt 0.957480 0.224252
vt 0.123012 0.846426
vt 0.261555 0.626562
vt 0.255267 0.413182
vt 0.268266 0.625859
vt 0.916448 0.251649
vt 0.939335 0.237930
vt 0.251383 0.638490
vt 0.251333 0.495374
vt 0.163928 0.877377
vt 0.167156 0.862256
vt 0.276004 0.603772
vt 0.757119 0.241237
vt 0.726722 0.243708
vt 0.717376 0.260530
vt 0.656848 0.463043
vt 0.626543 0.499997
vt 0.648526 0.484005
vt 0.249159 0.442695
vt 0.845533 0.198421
vt 0.838437 0.217148
vt 0.597362 0.518434
vt 0.262259 0.374974
vt 0.268853 0.355219
vt 0.337123 0.663591
vt 0.435235 0.596879
vt 0.306534 0.309452
vt 0.345753 0.283137
vt 0.708890 0.421776
vt 0.700515 0.439688
vt 0.821253 0.266886
vt 0.868766 0.218298
vt 0.232737 0.838603
vt 0.394280 0.264427
vt 0.442686 0.244354
vt 0.261690 0.712721
vt 0.877357 0.277358
vt 0.519706 0.566930
vt 0.668327 0.471280
vt 0.684617 0.459476
vt 0.836155 0.305910
vt 0.803692 0.324743
vt 0.417560 0.254867
vt 0.719247 0.392949
vt 0.727859 0.371641
vt 0.778970 0.341295
vt 0.199975 0.870374
vt 0.899260 0.264301
vt 0.712895 0.363280
vt 0.684962 0.426274
vt 0.598063 0.242356
vt 0.571535 0.233338
vt 0.470277 0.234358
vt 0.437689 0.582901
vt 0.506262 0.229239
vt 0.547653 0.227888
vt 0.825281 0.301243
vt 0.296476 0.359966
vt 0.856180 0.272476
vt 0.859184 0.288578
vt 0.903355 0.183756
vt 0.603628 0.503380
vt 0.245602 0.468756
vt 0.466702 0.250972
vt 0.269982 0.409166
vt 0.754158 0.341480
vt 0.578781 0.261300
vt 0.221688 0.738409
vt 0.663954 0.410029
vt 0.329417 0.577545
vt 0.282888 0.652726
vt 0.901811 0.227668
vt 0.912031 0.201915
vt 0.188307 0.801934
vt 0.288338 0.602699
vt 0.341568 0.324231
vt 0.423268 0.292637
vt 0.396766 0.597896
vt 0.450565 0.544233
vt 0.775129 0.316986
vt 0.217146 0.787978
vt 0.531828 0.532182
vt 0.606329 0.476337
vt 0.184465 0.853762
vt 0.263008 0.681327
vt 0.293387 0.397060
vt 0.268536 0.475089
vt 0.719552 0.333962
vt 0.530829 0.245712
vt 0.759482 0.275056
vt 0.587470 0.450219
vt 0.355814 0.346762
vt 0.354002 0.595645
vt 0.398224 0.542617
vt 0.683758 0.297930
vt 0.633566 0.292807
vt 0.242890 0.722867
vt 0.308673 0.595963
vt 0.306638 0.524848
vt 0.510833 0.513567
vt 0.782327 0.289582
vt 0.711705 0.313097
vt 0.325788 0.405018
vt 0.289319 0.456513
vt 0.478019 0.274341
vt 0.512027 0.291971
vt 0.398144 0.365169
vt 0.634987 0.383681
vt 0.636532 0.344399
vt 0.433855 0.320076
vt 0.482471 0.335185
vt 0.560321 0.312546
vt 0.482310 0.498624
vt 0.546313 0.366590
vt 0.556832 0.408619
vt 0.537571 0.451647
vt 0.328811 0.498108
vt 0.452574 0.388006
vt 0.434875 0.456031
vt 0.489673 0.443201
vt 0.382109 0.406335
vt 0.357383 0.451615
vt 0.385495 0.479357
vt 0.384338 0.518210
vt 0.476638 0.580629
vt 0.504336 0.560898
vt 0.494629 0.563327
vt 0.332685 0.583894
vt 0.332359 0.587127
vt 0.358314 0.597588
vt 0.344974 0.450667
vt 0.354431 0.461732
vt 0.362408 0.426414
vt 0.367601 0.603617
vt 0.540656 0.523198
vt 0.537213 0.531610
vt 0.565236 0.503937
vt 0.548348 0.334344
vt 0.560988 0.331007
vt 0.573568 0.320716
vt 0.312928 0.573367
vt 0.611331 0.300610
vt 0.590277 0.315899
vt 0.458067 0.582735
vt 0.446300 0.588420
vt 0.327770 0.490095
vt 0.325324 0.486641
vt 0.315176 0.530821
vt 0.310821 0.531580
vt 0.520087 0.542844
vt 0.344368 0.446693
vt 0.361011 0.423323
vt 0.619598 0.401484
vt 0.615646 0.400822
vt 0.601149 0.436893
vt 0.387723 0.400615
vt 0.382263 0.411198
vt 0.657875 0.331897
vt 0.664803 0.308448
vt 0.653640 0.334104
vt 0.568351 0.349388
vt 0.334240 0.560915
vt 0.308693 0.560356
vt 0.466304 0.368912
vt 0.433078 0.376917
vt 0.431906 0.382033
vt 0.466860 0.364574
vt 0.492752 0.356503
vt 0.528857 0.346080
vt 0.523416 0.343909
vt 0.485833 0.376923
vt 0.633466 0.364694
vt 0.661297 0.304084
vt 0.504185 0.355826
vt 0.519043 0.517258
vt 0.566985 0.496668
vt 0.584161 0.476244
vt 0.584857 0.467945
vt 0.650598 0.288537
vt 0.620393 0.301054
vt 0.636260 0.369424
vt 0.604097 0.438441
vt 0.417030 0.593971
vt 0.416628 0.588096
vt 0.408556 0.389857
vt 0.659052 0.291792
vt 0.607810 0.364798
vt 0.460867 0.565604
vt 0.376526 0.594607
vt 0.559999 0.453273
vt 0.518060 0.419526
vt 0.425259 0.442368
vt 0.370095 0.500862
vt 0.471258 0.495449
vt 0.407224 0.532862
vt 0.476974 0.577447
vt 0.494629 0.563327
vt 0.362408 0.426414
vt 0.354431 0.461732
vt 0.358314 0.597588
vt 0.316855 0.560227
vt 0.540656 0.523197
vt 0.560989 0.331007
vt 0.450553 0.584026
vt 0.590278 0.315899
vt 0.327770 0.490095
vt 0.315176 0.530821
vt 0.406640 0.395754
vt 0.384959 0.406215
vt 0.520086 0.542845
vt 0.533294 0.344410
vt 0.601149 0.436894
vt 0.615646 0.400822
vt 0.644406 0.346422
vt 0.634580 0.365787
vt 0.431906 0.382033
vt 0.568348 0.349390
vt 0.466304 0.368913
vt 0.485835 0.376920
vt 0.504185 0.355826
vt 0.519043 0.517257
vt 0.566985 0.496668
vt 0.584857 0.467945
vt 0.620393 0.301054
vt 0.416628 0.588096
vt 0.607810 0.364799
vt 0.460867 0.565605
vt 0.376527 0.594606
vt 0.559999 0.453272
vt 0.518061 0.419525
vt 0.425258 0.442369
vt 0.370096 0.500862
vt 0.471257 0.495450
vt 0.407224 0.532862
vt 0.447542 0.348302
vt 0.439731 0.333741
vt 0.437468 0.333174
vt 0.455032 0.345659
vt 0.435874 0.323033
vt 0.490877 0.257530
vt 0.478072 0.266559
vt 0.473218 0.277794
vt 0.541468 0.175678
vt 0.542824 0.183879
vt 0.546961 0.194821
vt 0.471984 0.361602
vt 0.543443 0.180058
vt 0.472210 0.357402
vt 0.543358 0.169421
vt 0.537446 0.166187
vt 0.539549 0.171115
vt 0.448034 0.310244
vt 0.444776 0.308795
vt 0.530435 0.340403
vt 0.557050 0.317879
vt 0.528671 0.307837
vt 0.507987 0.355120
vt 0.537451 0.156394
vt 0.538756 0.149991
vt 0.535820 0.148605
vt 0.558602 0.321678
vt 0.475383 0.289918
vt 0.534749 0.344906
vt 0.507213 0.359742
vt 0.536304 0.170228
vt 0.543357 0.168416
vt 0.530151 0.152326
vt 0.551421 0.193410
vt 0.551168 0.181950
vt 0.572577 0.239040
vt 0.565831 0.219644
vt 0.569691 0.240579
vt 0.497326 0.248349
vt 0.546799 0.172183
vt 0.543991 0.165241
vt 0.542734 0.151221
vt 0.542051 0.149849
vt 0.542252 0.167819
vt 0.538984 0.164588
vt 0.535757 0.157633
vt 0.550583 0.175721
vt 0.546657 0.164382
vt 0.516820 0.237524
vt 0.516228 0.241816
vt 0.540459 0.232499
vt 0.541876 0.190273
vt 0.548330 0.212486
vt 0.544634 0.202635
vt 0.556299 0.191032
vt 0.554039 0.185532
vt 0.556401 0.194392
vt 0.518377 0.254738
vt 0.547756 0.161363
vt 0.551052 0.181522
vt 0.553799 0.179795
vt 0.558791 0.195668
vt 0.556277 0.196360
vt 0.544698 0.145948
vt 0.541955 0.145710
vt 0.546604 0.171213
vt 0.532592 0.144171
vt 0.528648 0.142968
vt 0.552287 0.176851
vt 0.547944 0.169058
vt 0.573013 0.286651
vt 0.566664 0.293482
vt 0.572094 0.273963
vt 0.545335 0.218537
vt 0.542663 0.235661
vt 0.454370 0.325795
vt 0.542244 0.168805
vt 0.539921 0.156674
vt 0.537859 0.143574
vt 0.536303 0.145045
vt 0.543482 0.149863
vt 0.539223 0.151960
vt 0.499696 0.292197
vt 0.490051 0.332477
vt 0.556957 0.223422
vt 0.548329 0.271398
vt 0.455032 0.345659
vt 0.442248 0.317940
vt 0.472210 0.357402
vt 0.555461 0.196913
vt 0.545379 0.192054
vt 0.550133 0.178468
vt 0.548939 0.217332
vt 0.480068 0.269627
vt 0.530437 0.340402
vt 0.528927 0.310380
vt 0.557046 0.317884
vt 0.536951 0.159594
vt 0.507988 0.355119
vt 0.475391 0.289909
vt 0.553245 0.185954
vt 0.552788 0.196117
vt 0.564580 0.220691
vt 0.570316 0.246701
vt 0.549019 0.268634
vt 0.539337 0.158700
vt 0.549874 0.176226
vt 0.546160 0.174044
vt 0.518140 0.254833
vt 0.541161 0.167887
vt 0.550233 0.200659
vt 0.516080 0.241855
vt 0.543832 0.165905
vt 0.542828 0.166930
vt 0.536523 0.155013
vt 0.547793 0.165303
vt 0.540661 0.145057
vt 0.566604 0.293486
vt 0.572122 0.273743
vt 0.542598 0.235465
vt 0.454370 0.325795
vt 0.538003 0.147878
vt 0.499755 0.292148
vt 0.490051 0.332477
vt 0.556087 0.225071
vn 0.4128 0.8201 0.3963
vn 0.7131 0.4369 0.5483
vn -0.0000 0.7102 0.7040
vn 0.2337 0.9108 -0.3402
vn 0.2227 0.8573 -0.4642
vn 0.5958 0.7446 -0.3010
vn 0.1807 0.1989 0.9632
vn 0.5964 0.1836 0.7814
vn 0.3019 0.2841 0.9100
vn 0.2796 -0.9320 -0.2306
vn 0.7144 -0.4803 0.5089
vn 0.8494 -0.4847 0.2088
vn 0.0767 0.8932 -0.4431
vn 0.1400 0.9054 -0.4008
vn 0.3446 0.8176 -0.4613
vn 0.2112 -0.7952 0.5684
vn -0.0000 0.9939 0.1098
vn 0.2709 0.9154 0.2977
vn 0.6001 0.7582 0.2549
vn 0.2242 -0.8255 -0.5179
vn 0.5017 -0.6715 -0.5453
vn 0.0000 -0.8020 -0.5973
vn 0.7353 -0.3327 -0.5904
vn 0.6183 -0.7859 0.0079
vn 0.4986 -0.8166 0.2908
vn 0.2470 -0.9664 0.0703
vn 0.1453 -0.9625 0.2291
vn 0.3111 -0.9411 0.1323
vn 0.1508 -0.9537 0.2603
vn 0.2012 -0.9612 0.1886
vn 0.4980 -0.8231 0.2730
vn 0.4738 -0.8270 0.3027
vn 0.1745 0.9688 -0.1757
vn 0.5259 0.8355 -0.1592
vn 0.1903 0.9567 -0.2203
vn 0.1225 0.8557 -0.5027
vn 0.2490 0.8257 -0.5062
vn 0.0000 0.9533 -0.3019
vn 0.5335 -0.3814 0.7550
vn 0.5319 -0.3652 0.7640
vn 0.0503 -0.5115 0.8578
vn 0.1030 -0.3226 0.9409
vn 0.5200 -0.4519 0.7248
vn 0.2061 -0.3492 0.9141
vn 0.1079 0.7815 -0.6145
vn 0.2932 0.7806 -0.5519
vn 0.0000 0.8530 -0.5219
vn 0.1166 -0.7249 0.6789
vn 0.3800 -0.7161 0.5855
vn 0.3997 -0.6437 0.6526
vn 0.6868 -0.3298 0.6477
vn 0.3573 -0.9268 0.1162
vn 0.3247 -0.8580 0.3980
vn 0.7363 -0.6750 0.0478
vn 0.1341 -0.9160 0.3780
vn 0.3879 -0.8427 0.3733
vn 0.5526 0.5060 -0.6623
vn 0.2156 0.8114 -0.5432
vn 0.5056 0.7272 -0.4642
vn 0.8170 -0.1583 0.5544
vn 0.5481 -0.2161 0.8080
vn 0.1860 -0.2050 0.9609
vn 0.3992 0.7775 -0.4859
vn 0.1138 0.8450 -0.5226
vn 0.5574 0.5392 -0.6313
vn 0.1721 -0.8357 0.5215
vn 0.5243 0.8241 -0.2144
vn 0.5608 0.1916 -0.8055
vn 0.1268 0.5197 -0.8449
vn 0.5139 -0.6962 0.5012
vn 0.2555 -0.8537 0.4538
vn 0.9150 0.1275 -0.3829
vn 0.5193 0.2199 -0.8258
vn 0.1011 -0.9750 -0.1976
vn 0.3485 -0.9352 0.0633
vn 0.3651 -0.9013 -0.2330
vn 0.6317 0.1169 -0.7663
vn 0.0574 0.5279 -0.8473
vn 0.7337 0.6439 -0.2168
vn 0.3166 0.8232 -0.4714
vn 0.0000 -0.6100 -0.7924
vn 0.7975 -0.0198 -0.6030
vn 0.0000 -0.5872 -0.8094
vn 0.9104 0.0432 0.4114
vn -0.0000 -0.8299 0.5580
vn 0.0000 -0.5432 0.8396
vn 0.1696 -0.3328 0.9276
vn 0.0000 0.3332 0.9428
vn -0.0000 0.9378 -0.3472
vn 0.0000 -0.8072 0.5902
vn 0.0839 -0.7745 0.6270
vn -0.1900 -0.9165 0.3521
vn 0.2980 -0.2671 0.9164
vn 0.0000 -0.3705 0.9288
vn 0.1229 -0.1703 0.9777
vn 0.4104 -0.8366 0.3627
vn 0.5742 0.7293 -0.3721
vn 0.6840 0.5616 -0.4656
vn 0.1454 0.9653 -0.2170
vn 0.1135 0.9816 -0.1537
vn 0.0000 0.9926 -0.1214
vn 0.0910 -0.4490 0.8889
vn -0.0000 0.3609 -0.9326
vn -0.0000 -0.9894 0.1450
vn 0.0670 0.0912 0.9936
vn 0.2906 0.1577 0.9438
vn 0.1316 0.2133 0.9681
vn 0.4822 0.7765 0.4056
vn 0.9017 0.1083 0.4185
vn 0.3347 -0.5209 0.7852
vn 0.1143 0.1008 0.9883
vn 0.1297 0.2467 0.9604
vn 0.3490 -0.9335 -0.0824
vn 0.6644 -0.7473 0.0109
vn 0.3633 -0.9215 0.1372
vn 0.5524 0.6668 -0.5002
vn 0.2800 0.8457 -0.4543
vn 0.1847 0.8526 -0.4888
vn 0.3754 -0.1435 0.9157
vn 0.7695 -0.5881 0.2491
vn 0.4627 -0.7853 0.4114
vn 0.2292 0.8281 -0.5116
vn 0.3927 -0.3358 0.8562
vn 0.1396 -0.2352 0.9619
vn 0.2722 -0.4783 0.8349
vn 0.1404 -0.7226 0.6769
vn 0.3653 0.8413 -0.3984
vn 0.1300 -0.4021 0.9063
vn -0.0000 0.9099 -0.4148
vn 0.0000 0.9180 -0.3965
vn 0.1044 0.9439 -0.3133
vn 0.0000 0.9962 -0.0869
vn 0.2325 0.9607 -0.1515
vn 0.2006 -0.7848 0.5864
vn -0.0000 -0.8772 0.4801
vn 0.1256 -0.9486 0.2905
vn 0.2940 -0.9523 0.0820
vn 0.0970 -0.9659 0.2400
vn 0.1262 0.6804 -0.7219
vn 0.2632 0.6973 -0.6667
vn 0.3889 0.4964 -0.7761
vn 0.9425 -0.3337 -0.0189
vn 0.9920 -0.1084 -0.0650
vn 0.0741 -0.8948 0.4402
vn 0.9174 0.1469 -0.3699
vn 0.2051 -0.9250 0.3199
vn 0.0777 -0.8813 0.4662
vn 0.1730 -0.9778 0.1184
vn 0.2309 -0.9479 0.2196
vn 0.1247 -0.9499 0.2865
vn 0.8738 0.4191 -0.2467
vn 0.1394 0.8258 -0.5465
vn 0.3840 0.8524 -0.3551
vn -0.0000 0.9760 -0.2178
vn 0.3365 0.8890 -0.3105
vn 0.0000 0.9708 -0.2400
vn 0.1099 0.8817 -0.4589
vn 0.0000 0.9254 -0.3790
vn -0.0000 0.9131 -0.4077
vn 0.0000 0.9060 -0.4233
vn 0.2995 0.8329 -0.4653
vn 0.3269 0.7570 -0.5657
vn 0.1187 0.7810 -0.6132
vn 0.1663 0.8909 -0.4227
vn 0.4048 0.8167 -0.4114
vn 0.3632 0.8029 -0.4726
vn 0.3022 -0.8889 0.3444
vn 0.0000 0.5230 -0.8524
vn 0.3384 0.3386 -0.8780
vn -0.0000 -0.6341 0.7733
vn 0.1170 0.4818 -0.8684
vn 0.4061 0.5996 -0.6896
vn 0.3332 0.8559 -0.3955
vn 0.0000 0.9540 -0.2997
vn 0.9104 0.3976 -0.1142
vn 0.3277 0.8634 -0.3837
vn 0.0000 0.9802 -0.1978
vn 0.0000 -0.8593 -0.5115
vn 0.6243 0.5138 -0.5885
vn 0.7124 0.3526 -0.6068
vn -0.0000 -0.9578 -0.2875
vn 0.3459 -0.8679 -0.3564
vn 0.3483 -0.9123 -0.2156
vn 0.0949 -0.9400 0.3277
vn 0.0000 -1.0000 0.0028
vn 0.2205 -0.9753 0.0096
vn -0.0000 -0.9987 -0.0505
vn 0.0799 -0.9868 0.1410
vn 0.5059 0.8450 -0.1736
vn 0.1052 -0.9933 -0.0485
vn 0.2694 -0.9574 -0.1040
vn 0.3011 -0.9528 0.0400
vn 0.1903 -0.9794 -0.0680
vn 0.6387 0.6666 -0.3843
vn 0.6769 -0.4515 0.5813
vn 0.8410 0.4537 -0.2948
vn 0.4497 0.7777 -0.4393
vn 0.4454 -0.8331 -0.3279
vn -0.0000 0.3927 -0.9196
vn 0.4802 0.7738 -0.4130
vn 0.3294 0.0514 0.9428
vn 0.1380 0.0483 0.9893
vn 0.5011 -0.8553 0.1315
vn 0.6003 -0.2195 0.7691
vn 0.6318 0.6170 -0.4693
vn 0.6312 -0.7535 -0.1839
vn 0.8984 -0.2262 0.3763
vn 0.8276 0.3364 -0.4493
vn 0.8871 0.4273 0.1747
vn 0.9022 0.3279 0.2802
vn 0.9537 0.0741 -0.2915
vn 0.8145 -0.4868 -0.3155
vn 0.8653 -0.2360 0.4422
vn 0.7366 0.1922 0.6484
vn 0.6935 -0.6180 0.3704
vn 0.7016 -0.6786 0.2176
vn 0.5163 0.8224 -0.2388
vn 0.7452 0.6522 -0.1389
vn 0.8212 0.4224 -0.3836
vn 0.9972 -0.0549 0.0502
vn 0.6341 0.7063 -0.3149
vn 0.6858 0.6161 -0.3874
vn 0.9899 0.0402 0.1362
vn 0.9410 0.1490 0.3039
vn 0.7832 -0.2411 0.5731
vn 0.6459 0.0554 0.7614
vn 0.9030 0.1500 -0.4027
vn 0.5602 -0.8269 -0.0504
vn 0.8848 -0.4474 -0.1302
vn 0.8757 0.3713 -0.3087
vn 0.8375 -0.4524 0.3065
vn 0.7974 0.5998 -0.0668
vn 0.8792 0.4753 -0.0327
vn 0.8749 -0.4626 -0.1436
vn 0.7505 -0.6457 -0.1408
vn 0.9904 -0.0019 0.1380
vn 0.8343 0.2962 0.4651
vn 0.8329 0.2389 0.4991
vn 0.8084 0.5435 -0.2261
vn 0.9712 0.0401 -0.2350
vn 0.9544 -0.1521 -0.2570
vn 0.8982 -0.1944 0.3943
vn 0.8243 -0.0050 0.5661
vn 0.8060 -0.5914 -0.0249
vn 0.7215 -0.6856 0.0973
vn 0.9304 -0.3168 0.1842
vn 0.9480 0.0630 -0.3119
vn 0.9331 -0.2727 -0.2344
vn 0.8628 -0.4842 0.1454
vn 0.9276 -0.3729 0.0226
vn 0.8800 -0.4539 -0.1397
vn 0.9042 0.4092 -0.1223
vn 0.9801 -0.1534 -0.1261
vn 0.9761 0.0802 -0.2021
vn 0.9348 0.2926 -0.2012
vn 0.9258 0.1750 0.3351
vn 0.9900 -0.1355 0.0403
vn 0.9886 0.1468 0.0326
vn 0.9868 0.1382 -0.0843
vn 0.9741 -0.1255 0.1884
vn 0.9672 0.0133 0.2535
vn 0.9763 0.1771 0.1242
vn 0.9368 0.3419 0.0739
vn -0.4421 0.3098 -0.8417
vn -0.2358 0.7530 -0.6144
vn -0.2862 0.0985 -0.9531
vn -0.5429 0.8368 -0.0709
vn -0.6101 0.7658 -0.2032
vn -0.9662 -0.1134 -0.2314
vn -0.0203 0.5362 0.8439
vn 0.1861 0.5655 0.8035
vn 0.0945 0.8855 0.4549
vn -0.8037 0.1455 -0.5770
vn -0.1172 0.7433 -0.6587
vn -0.1639 0.0832 -0.9830
vn -0.2054 0.0826 -0.9752
vn 0.5038 0.1769 0.8455
vn 0.4585 -0.1188 0.8807
vn 0.3940 0.6156 0.6825
vn -0.9420 0.1928 0.2749
vn 0.4998 -0.1196 0.8578
vn 0.4491 0.6251 0.6384
vn -0.6124 0.3505 -0.7086
vn -0.4346 0.7746 -0.4595
vn -0.0667 0.6670 0.7421
vn -0.2071 0.7914 0.5751
vn -0.2316 -0.0302 0.9724
vn -0.4511 -0.0093 0.8924
vn -0.0842 0.6992 -0.7100
vn -0.1076 -0.2437 0.9639
vn 0.1413 -0.0766 0.9870
vn 0.1767 0.0443 -0.9833
vn 0.1822 0.7021 -0.6883
vn 0.2322 0.8280 -0.5103
vn 0.4064 -0.0431 0.9127
vn 0.3101 0.7042 0.6387
vn 0.2369 -0.1475 -0.9603
vn 0.2481 0.7893 -0.5617
vn 0.5226 -0.2899 -0.8018
vn 0.3099 0.9068 0.2860
vn -0.1855 0.9704 0.1548
vn -0.7456 0.2817 0.6039
vn 0.5331 0.5149 0.6713
vn 0.4846 0.6141 0.6229
vn 0.5146 -0.1157 0.8496
vn 0.5710 -0.1217 0.8119
vn 0.5568 -0.1322 0.8201
vn 0.5151 0.5929 0.6190
vn 0.5357 -0.1162 0.8364
vn 0.3251 0.8847 0.3341
vn 0.1683 0.8400 -0.5159
vn 0.5426 0.8007 -0.2537
vn 0.5319 0.5361 0.6556
vn 0.0284 0.9516 -0.3059
vn 0.0882 0.6824 -0.7256
vn 0.0841 0.0628 -0.9945
vn 0.1413 0.7719 -0.6199
vn 0.8056 0.0619 0.5892
vn 0.4636 0.7492 0.4729
vn 0.0932 0.0846 -0.9920
vn 0.1670 0.0486 -0.9848
vn -0.4006 0.7610 -0.5104
vn -0.6503 0.1264 -0.7491
vn 0.4568 0.0673 0.8870
vn 0.9293 -0.3685 -0.0257
vn 0.2368 0.9711 -0.0308
vn -0.1219 0.9560 -0.2669
vn -0.3786 0.8747 -0.3024
vn 0.1523 0.9663 -0.2074
vn 0.1950 0.9773 0.0824
vn 0.1779 0.9590 0.2205
vn 0.0397 0.9800 0.1951
vn 0.0935 0.9955 -0.0174
vn 0.0087 1.0000 -0.0025
vn -0.4473 -0.4770 -0.7565
vn -0.2524 -0.6340 -0.7310
vn -0.1573 -0.9068 0.3910
vn 0.0491 -0.7248 0.6872
vn -0.7532 -0.5929 -0.2848
vn -0.5400 -0.8175 0.2004
vn -0.2366 -0.6374 -0.7333
vn 0.3003 -0.7781 0.5516
vn -0.5729 -0.4863 -0.6598
vn 0.2205 -0.7642 0.6062
vn -0.2958 -0.7236 0.6236
vn -0.3675 -0.7510 0.5486
vn 0.1910 -0.8141 0.5484
vn 0.1254 -0.7662 0.6302
vn -0.2474 -0.5742 -0.7804
vn 0.2766 -0.7767 0.5659
vn 0.0851 -0.7410 -0.6661
vn 0.0241 -0.6350 -0.7722
vn 0.0182 -0.4169 -0.9088
vn -0.0194 -0.8426 -0.5381
vn 0.3575 -0.7350 0.5761
vn 0.0768 -0.9846 0.1568
vn 0.3708 -0.7455 0.5539
vn 0.0914 -0.9621 0.2570
vn 0.3935 -0.6997 0.5963
vn -0.1906 -0.8958 -0.4016
vn -0.1051 -0.5576 -0.8234
vn -0.0355 -0.7074 -0.7060
vn 0.2276 -0.9112 0.3433
vn -0.5779 -0.5327 -0.6183
vn -0.0004 -0.9879 -0.1549
vn -0.3108 -0.8718 -0.3786
vn -0.5107 -0.7634 -0.3956
vn -0.0787 -0.9494 -0.3040
vn -0.0517 -0.9980 -0.0351
vn -0.0697 -0.9928 0.0976
vn -0.2198 -0.9737 0.0598
vn -0.1527 -0.9789 -0.1360
vn -0.2437 -0.9623 -0.1205
vn 0.0070 0.9790 0.2039
vn -0.3168 0.6420 0.6982
vn 0.5885 0.5568 0.5862
vn 0.6550 0.7269 0.2066
vn 0.1354 0.1326 0.9819
vn 0.3951 -0.4666 0.7913
vn 0.4593 -0.3148 0.8306
vn -0.0020 -0.3750 0.9270
vn -0.0692 0.9922 0.1040
vn -0.5061 0.5931 0.6262
vn -0.8447 0.5042 0.1796
vn 0.0093 0.9742 -0.2255
vn -0.9687 0.2446 -0.0425
vn 0.5392 0.8260 -0.1644
vn 0.1201 0.8963 0.4269
vn -0.2211 0.9619 0.1606
vn -0.8262 0.5633 0.0123
vn 0.5047 -0.1806 0.8442
vn -0.0118 -0.2942 0.9557
vn 0.5474 0.4975 -0.6729
vn 0.9404 0.1178 -0.3190
vn 0.5252 0.2459 -0.8147
vn 0.4983 0.6756 -0.5434
vn 0.7833 0.5833 0.2149
vn -0.0572 0.9092 0.4123
vn 0.8335 -0.4632 0.3012
vn 0.0046 0.2787 -0.9604
vn 0.7980 -0.1662 0.5793
vn 0.0042 0.5661 -0.8243
vn -0.0124 0.7819 -0.6232
vn -0.0870 0.0742 0.9934
vn -0.1814 0.2124 0.9602
vn 0.9650 -0.0494 0.2577
vn 0.7389 0.6117 -0.2826
vn 0.6387 0.4053 0.6541
vn -0.0317 -0.6212 -0.7830
vn 0.5783 -0.5194 -0.6291
vn 0.2939 -0.5560 -0.7775
vn -0.1979 -0.5663 0.8001
vn 0.7471 0.5595 0.3590
vn 0.4106 0.8411 0.3522
vn 0.0944 0.7140 0.6937
vn 0.0330 -0.1030 0.9941
vn -0.4476 -0.5165 0.7299
vn 0.3810 0.8462 0.3725
vn -0.5947 0.7903 0.1478
vn 0.3008 -0.3355 0.8927
vn 0.7339 0.6719 -0.0991
vn 0.0220 -0.7480 0.6633
vn -0.0463 -0.4246 0.9042
vn 0.4119 -0.6381 0.6505
vn -0.0593 0.1214 0.9908
vn 0.7105 -0.0309 0.7030
vn 0.0337 -0.0510 0.9981
vn 0.0843 -0.2627 -0.9612
vn 0.9382 -0.0091 -0.3460
vn 0.7320 -0.2120 -0.6475
vn 0.8071 -0.4342 0.4001
vn 0.5559 -0.1393 -0.8195
vn 0.8113 -0.1508 -0.5649
vn -0.1182 -0.2048 -0.9716
vn -0.0557 -0.2378 -0.9697
vn 0.5707 -0.1696 -0.8035
vn 0.0886 -0.8146 0.5732
vn 0.8774 -0.2582 -0.4044
vn 0.2839 -0.9541 -0.0955
vn 0.0086 -0.1694 -0.9855
vn 0.5845 -0.1051 -0.8046
vn 0.5797 -0.2929 -0.7604
vn -0.0382 0.0163 0.9991
vn 0.4240 -0.4712 0.7735
vn 0.8654 0.2551 0.4313
vn -0.0892 -0.7169 0.6914
vn 0.8269 -0.5592 0.0596
vn -0.0140 0.6281 0.7780
vn -0.1112 -0.3684 0.9230
vn 0.6933 -0.3597 0.6245
vn -0.3167 -0.9259 -0.2061
vn 0.9709 -0.0928 0.2209
vn 0.9153 0.3947 -0.0802
vn 0.9385 -0.3271 -0.1109
vn 0.9319 -0.2517 -0.2612
vn -0.6701 0.7219 0.1726
vn -0.5841 0.0274 0.8112
vn -0.4761 0.8500 -0.2253
vn -0.8899 -0.1909 -0.4142
vn -0.9722 -0.0755 -0.2217
vn -0.8011 -0.0425 0.5970
vn -0.6991 -0.1071 0.7070
vn -0.4882 -0.3577 0.7961
vn -0.5507 0.5014 -0.6674
vn -0.4331 0.2168 -0.8749
vn -0.9390 0.1095 -0.3259
vn -0.9997 0.0229 -0.0018
vn -0.4982 0.6756 -0.5434
vn -0.7918 -0.1322 0.5963
vn -0.9147 0.0439 0.4017
vn -0.5995 -0.5785 -0.5531
vn -0.6124 -0.4383 -0.6579
vn -0.6163 -0.4638 -0.6365
vn -0.9418 -0.2457 -0.2294
vn -0.2123 -0.9475 -0.2390
vn 0.3019 -0.8922 -0.3359
vn -0.4139 -0.9096 0.0353
vn -0.8069 -0.4256 0.4096
vn -0.7453 -0.6543 -0.1278
vn -0.3882 -0.6482 0.6551
vn 0.2992 -0.9538 0.0277
vn -0.5951 -0.7172 0.3627
vn -0.6602 -0.1890 -0.7270
vn -0.5522 -0.0872 -0.8291
vn -0.4616 -0.2728 -0.8441
vn -0.4208 -0.4812 0.7690
vn -0.8592 0.2776 0.4297
vn -0.9622 -0.2644 -0.0648
vn -0.9714 -0.0723 0.2261
vn -0.9162 0.3948 -0.0684
vn -0.9378 -0.3471 -0.0050
vn -0.7732 0.4010 0.4913
vn -0.2038 0.9203 -0.3339
vn -0.5964 0.7444 -0.3005
vn -0.2256 0.8682 -0.4420
vn -0.2243 0.1115 0.9681
vn -0.3196 0.2814 0.9048
vn -0.6157 0.1854 0.7659
vn -0.7887 -0.5704 0.2296
vn -0.6909 -0.4462 0.5688
vn -0.3192 0.8097 -0.4924
vn -0.3051 0.8318 -0.4636
vn -0.6074 0.7554 0.2458
vn -0.5175 -0.6847 -0.5132
vn -0.7347 -0.3498 -0.5813
vn -0.6025 -0.7966 0.0487
vn -0.4743 -0.8176 0.3264
vn -0.1690 -0.9462 0.2759
vn -0.3512 -0.9275 0.1282
vn -0.2134 -0.9618 0.1716
vn -0.4734 -0.8274 0.3021
vn -0.4917 -0.8256 0.2767
vn -0.2354 0.9683 -0.0830
vn -0.1962 0.9512 -0.2382
vn -0.5437 0.8216 -0.1715
vn -0.3243 0.8109 -0.4871
vn -0.5388 -0.3810 0.7513
vn -0.5235 -0.3501 0.7768
vn -0.4906 -0.3913 0.7786
vn -0.2886 0.7385 -0.6093
vn -0.4054 -0.6257 0.6664
vn -0.3237 -0.6674 0.6707
vn -0.6911 -0.3281 0.6440
vn -0.3545 -0.9300 0.0973
vn -0.7339 -0.6767 0.0596
vn -0.2953 -0.8593 0.4177
vn -0.4230 -0.8213 0.3827
vn -0.5152 0.5171 -0.6835
vn -0.5789 0.6961 -0.4246
vn -0.8532 -0.1256 0.5062
vn -0.1902 -0.2327 0.9538
vn -0.5363 -0.2321 0.8115
vn -0.3866 0.7658 -0.5140
vn -0.5581 0.5385 -0.6313
vn -0.5563 0.7947 -0.2430
vn -0.5567 0.1719 -0.8127
vn -0.5067 -0.6904 0.5163
vn -0.2416 -0.8938 0.3778
vn -0.9189 0.1214 -0.3754
vn -0.5804 0.2508 -0.7747
vn -0.3314 -0.9098 -0.2499
vn -0.3500 -0.9346 0.0629
vn -0.6195 0.1420 -0.7720
vn -0.7339 0.6443 -0.2153
vn -0.3078 0.8301 -0.4650
vn -0.8150 -0.1203 -0.5669
vn -0.9179 0.0129 0.3966
vn 0.2159 -0.8726 0.4381
vn -0.3158 -0.2625 0.9118
vn -0.4237 -0.8255 0.3730
vn -0.5886 0.7126 -0.3817
vn -0.6320 0.5956 -0.4958
vn -0.0367 -0.4350 0.8997
vn -0.2861 0.1581 0.9451
vn -0.4393 0.7684 0.4653
vn -0.9046 0.1304 0.4059
vn -0.3355 -0.4940 0.8021
vn -0.4286 -0.8951 -0.1225
vn -0.3178 -0.9393 0.1295
vn -0.6639 -0.7477 0.0108
vn -0.5484 0.6670 -0.5044
vn -0.2299 0.8745 -0.4271
vn -0.3084 0.8132 -0.4936
vn -0.3016 -0.0975 0.9484
vn -0.4268 -0.7880 0.4437
vn -0.7694 -0.5901 0.2447
vn -0.1851 0.8367 -0.5154
vn -0.3916 -0.3384 0.8556
vn -0.2752 -0.4780 0.8341
vn -0.3753 0.8374 -0.3974
vn -0.2311 0.9484 -0.2171
vn -0.2724 -0.7762 0.5686
vn -0.2976 -0.9506 0.0881
vn -0.3744 0.4755 -0.7961
vn -0.2866 0.6789 -0.6760
vn -0.9917 -0.1126 -0.0627
vn -0.9477 -0.3190 0.0081
vn -0.9129 0.1309 -0.3866
vn -0.2337 -0.8856 0.4014
vn -0.2547 -0.9445 0.2076
vn -0.8723 0.4239 -0.2439
vn -0.4452 0.8250 -0.3480
vn -0.3345 0.8862 -0.3206
vn -0.2066 0.7875 -0.5806
vn -0.2987 0.7066 -0.6414
vn -0.3893 0.8068 -0.4444
vn -0.4062 0.8198 -0.4036
vn -0.2991 -0.8651 0.4026
vn -0.3336 0.3178 -0.8875
vn -0.4059 0.5990 -0.6903
vn -0.2841 0.8419 -0.4589
vn -0.9260 0.3554 -0.1269
vn -0.4153 0.8564 -0.3068
vn -0.7023 0.3637 -0.6119
vn -0.6338 0.4936 -0.5955
vn -0.3248 -0.8956 -0.3038
vn -0.3461 -0.9198 -0.1851
vn -0.3293 -0.9388 0.1011
vn -0.5056 0.8448 -0.1751
vn -0.2261 -0.9730 0.0469
vn -0.3300 -0.9429 -0.0441
vn -0.6367 0.6737 -0.3752
vn -0.6773 -0.4494 0.5825
vn -0.8417 0.4541 -0.2922
vn -0.4328 0.7655 -0.4762
vn -0.4704 -0.8503 -0.2361
vn -0.4802 0.7745 -0.4118
vn -0.3494 0.0736 0.9341
vn -0.5161 -0.8456 0.1365
vn -0.6115 -0.2039 0.7645
vn -0.6387 0.5994 -0.4825
vn -0.6317 -0.7531 -0.1837
vn -0.8984 -0.2266 0.3761
vn -0.8275 0.3369 -0.4491
vn -0.8887 0.4240 0.1746
vn -0.9196 0.2920 0.2629
vn -0.9547 0.0610 -0.2913
vn -0.8092 -0.4940 -0.3182
vn -0.8664 -0.2271 0.4448
vn -0.7193 0.2063 0.6633
vn -0.6914 -0.6223 0.3669
vn -0.7065 -0.6711 0.2247
vn -0.5341 0.8121 -0.2352
vn -0.7461 0.6512 -0.1385
vn -0.8203 0.4221 -0.3859
vn -0.9958 -0.0692 0.0605
vn -0.6404 0.7015 -0.3128
vn -0.6851 0.6072 -0.4025
vn -0.9879 0.0458 0.1479
vn -0.9417 0.1756 0.2869
vn -0.7807 -0.2400 0.5770
vn -0.6608 0.0710 0.7472
vn -0.9020 0.1430 -0.4073
vn -0.5571 -0.8289 -0.0515
vn -0.8901 -0.4395 -0.1210
vn -0.8750 0.3704 -0.3117
vn -0.8395 -0.4451 0.3116
vn -0.7988 0.5982 -0.0634
vn -0.8787 0.4758 -0.0391
vn -0.8741 -0.4631 -0.1465
vn -0.7479 -0.6495 -0.1370
vn -0.9901 -0.0035 0.1400
vn -0.8317 0.2953 0.4702
vn -0.8339 0.2373 0.4982
vn -0.8074 0.5450 -0.2259
vn -0.9736 0.0476 -0.2230
vn -0.9545 -0.1593 -0.2522
vn -0.8958 -0.1916 0.4010
vn -0.8223 -0.0022 0.5691
vn -0.7182 -0.6890 0.0970
vn -0.8092 -0.5872 -0.0200
vn -0.9313 -0.3135 0.1854
vn -0.9490 0.0589 -0.3097
vn -0.9335 -0.2708 -0.2349
vn -0.8627 -0.4841 0.1461
vn -0.9269 -0.3744 0.0257
vn -0.8810 -0.4524 -0.1386
vn -0.9043 0.4094 -0.1212
vn -0.9798 -0.1567 -0.1240
vn -0.9762 0.0791 -0.2019
vn -0.9355 0.2907 -0.2011
vn -0.9262 0.1800 0.3312
vn -0.9901 -0.1349 0.0399
vn -0.9885 0.1480 0.0322
vn -0.9865 0.1390 -0.0863
vn -0.9740 -0.1250 0.1890
vn -0.9671 0.0139 0.2540
vn -0.9765 0.1748 0.1259
vn -0.9368 0.3422 0.0731
vn 0.4733 0.3317 -0.8160
vn 0.2849 0.0907 -0.9543
vn 0.0801 0.7780 -0.6231
vn 0.5647 0.8154 -0.1271
vn 0.9693 -0.1355 -0.2052
vn 0.6076 0.7662 -0.2090
vn -0.0021 0.5248 0.8512
vn -0.0658 0.8865 0.4580
vn -0.1812 0.5602 0.8083
vn 0.8012 0.1288 -0.5844
vn 0.0714 0.7583 -0.6480
vn 0.2146 0.0889 -0.9726
vn 0.1498 0.0759 -0.9858
vn -0.4928 0.1432 0.8583
vn -0.3176 0.7073 0.6315
vn -0.4716 -0.1270 0.8726
vn 0.9558 0.1177 0.2694
vn -0.4997 -0.1048 0.8598
vn -0.4367 0.6050 0.6657
vn 0.4113 0.7894 -0.4558
vn 0.6185 0.3496 -0.7037
vn 0.0900 0.6939 0.7144
vn 0.2247 -0.0213 0.9742
vn 0.2158 0.7654 0.6063
vn 0.4514 -0.0180 0.8922
vn 0.0928 0.7095 -0.6985
vn 0.0634 -0.2640 0.9624
vn -0.1437 -0.0858 0.9859
vn -0.1596 0.0382 -0.9864
vn -0.2753 0.7665 -0.5803
vn -0.1909 0.6957 -0.6925
vn -0.3855 -0.0458 0.9216
vn -0.2650 0.6932 0.6702
vn -0.1935 -0.1591 -0.9681
vn -0.5248 -0.3293 -0.7849
vn -0.1623 0.8472 -0.5058
vn -0.3074 0.9088 0.2822
vn 0.2022 0.9708 0.1292
vn 0.7218 0.3020 0.6228
vn -0.5025 0.5748 0.6458
vn -0.5169 -0.1306 0.8460
vn -0.4022 0.6402 0.6545
vn -0.5718 -0.1253 0.8108
vn -0.5696 -0.1281 0.8119
vn -0.4665 0.5696 0.6767
vn -0.5230 -0.1299 0.8424
vn -0.3192 0.8733 0.3681
vn -0.1559 0.8293 -0.5367
vn -0.5486 0.7659 -0.3353
vn -0.5405 0.5199 0.6615
vn -0.0407 0.9560 -0.2907
vn -0.0532 0.6597 -0.7496
vn -0.0862 0.0388 -0.9955
vn -0.1955 0.7253 -0.6600
vn -0.8121 0.0986 0.5751
vn -0.4323 0.7940 0.4273
vn -0.0817 0.0784 -0.9936
vn -0.1649 0.0280 -0.9859
vn 0.6583 0.1208 -0.7430
vn 0.4103 0.7283 -0.5489
vn -0.4502 0.0536 0.8913
vn -0.9220 -0.3812 -0.0675
vn -0.2443 0.9689 -0.0382
vn 0.0971 0.9547 -0.2812
vn 0.3033 0.9003 -0.3121
vn -0.1606 0.9688 -0.1890
vn -0.1950 0.9773 0.0833
vn -0.1804 0.9588 0.2194
vn -0.0323 0.9826 0.1831
vn -0.0939 0.9954 -0.0177
vn -0.0067 1.0000 -0.0061
vn 0.4758 -0.4790 -0.7377
vn 0.3454 -0.6516 -0.6754
vn -0.0476 -0.7302 0.6815
vn 0.1302 -0.9146 0.3828
vn 0.7228 -0.6311 -0.2815
vn 0.5464 -0.7991 0.2508
vn 0.2809 -0.6158 -0.7361
vn -0.3304 -0.7233 0.6064
vn 0.5812 -0.5410 -0.6079
vn -0.2710 -0.7912 0.5482
vn 0.2507 -0.7315 0.6341
vn 0.3853 -0.7659 0.5147
vn -0.2195 -0.8066 0.5488
vn -0.1524 -0.7646 0.6262
vn 0.2401 -0.5624 -0.7912
vn -0.2913 -0.7866 0.5444
vn -0.0142 -0.6397 -0.7685
vn 0.0043 -0.7832 -0.6217
vn -0.0084 -0.8451 -0.5345
vn -0.0475 -0.4409 -0.8963
vn -0.3526 -0.7007 0.6202
vn -0.0769 -0.9843 0.1586
vn -0.3801 -0.7048 0.5990
vn -0.0944 -0.9705 0.2220
vn -0.3862 -0.7134 0.5847
vn 0.2012 -0.8868 -0.4159
vn 0.0721 -0.5879 -0.8057
vn 0.0315 -0.7083 -0.7052
vn -0.2769 -0.8791 0.3878
vn 0.5895 -0.5549 -0.5871
vn 0.0124 -0.9890 -0.1474
vn 0.3357 -0.8692 -0.3630
vn 0.5515 -0.7484 -0.3683
vn 0.0865 -0.9429 -0.3216
vn 0.0518 -0.9980 -0.0360
vn 0.0722 -0.9925 0.0987
vn 0.2112 -0.9749 0.0699
vn 0.1531 -0.9789 -0.1357
vn 0.2416 -0.9634 -0.1166
vn 0.0019 0.9802 0.1980
vn -0.5985 0.5755 0.5573
vn 0.2996 0.6406 0.7070
vn -0.6669 0.7308 0.1458
vn -0.2048 0.2249 0.9526
vn -0.4217 -0.4839 0.7668
vn 0.0038 -0.3815 0.9243
vn -0.3708 -0.3657 0.8537
vn 0.0747 0.9920 0.1019
vn 0.8372 0.4846 0.2537
vn 0.4814 0.6060 0.6332
vn 0.0074 0.9753 -0.2206
vn 0.9715 0.2365 -0.0148
vn -0.4762 0.8500 -0.2253
vn -0.0675 0.9232 0.3784
vn 0.8008 0.5975 0.0414
vn 0.3399 0.9322 0.1242
vn -0.4990 -0.1774 0.8482
vn 0.0216 -0.3083 0.9511
vn -0.5517 0.5008 -0.6670
vn -0.4329 0.2177 -0.8747
vn -0.9393 0.1075 -0.3259
vn -0.4983 0.6756 -0.5434
vn -0.7235 0.6628 0.1931
vn -0.8863 -0.4178 0.1999
vn 0.0364 0.8793 0.4748
vn 0.0043 0.2772 -0.9608
vn -0.7945 -0.1312 0.5930
vn 0.0042 0.5621 -0.8271
vn -0.0125 0.7820 -0.6232
vn 0.1000 0.0183 0.9948
vn -0.9643 -0.0342 0.2625
vn 0.1972 0.2251 0.9542
vn -0.6267 0.3991 0.6693
vn -0.7395 0.6193 -0.2639
vn 0.0318 -0.6213 -0.7829
vn -0.2827 -0.5661 -0.7744
vn -0.5707 -0.5470 -0.6124
vn 0.1865 -0.5790 0.7937
vn -0.3996 0.8602 0.3167
vn -0.7093 0.6080 0.3567
vn -0.0902 0.7992 0.5943
vn 0.4438 -0.4298 0.7864
vn -0.0035 -0.1452 0.9894
vn -0.3214 0.8945 0.3108
vn 0.5836 0.7932 0.1741
vn -0.6981 0.7113 -0.0819
vn -0.3367 -0.3674 0.8670
vn 0.0035 -0.7667 0.6419
vn -0.3584 -0.6588 0.6615
vn 0.0679 -0.3869 0.9196
vn 0.1640 0.0636 0.9844
vn -0.7060 -0.0411 0.7070
vn 0.0237 -0.0814 0.9964
vn -0.0982 -0.2384 -0.9662
vn -0.7341 -0.1828 -0.6539
vn -0.9395 -0.0104 -0.3425
vn -0.8202 -0.4088 0.4001
vn -0.5401 -0.1202 -0.8330
vn -0.8515 -0.0962 -0.5154
vn 0.1047 -0.1870 -0.9768
vn 0.0538 -0.2270 -0.9724
vn -0.6185 -0.2295 -0.7515
vn -0.1242 -0.8496 0.5125
vn -0.8772 -0.2519 -0.4088
vn -0.2739 -0.9582 -0.0821
vn -0.0015 -0.1783 -0.9840
vn -0.5515 -0.0881 -0.8295
vn -0.4435 -0.3427 -0.8282
vn 0.0527 0.0272 0.9982
vn -0.4248 -0.4729 0.7720
vn -0.8711 0.2409 0.4281
vn 0.0896 -0.6973 0.7111
vn -0.8333 -0.5503 0.0521
vn 0.0212 -0.4472 0.8942
vn 0.0391 0.5903 0.8063
vn -0.7230 -0.3194 0.6125
vn 0.3225 -0.9244 -0.2035
vn -0.9711 -0.0710 0.2277
vn -0.9163 0.3946 -0.0688
vn -0.9374 -0.3317 -0.1066
vn -0.9447 -0.2336 -0.2304
vn 0.6559 0.7204 0.2253
vn 0.5343 -0.0739 0.8421
vn 0.8825 -0.2010 -0.4252
vn 0.7950 -0.0241 0.6061
vn 0.9696 -0.0793 -0.2315
vn 0.7065 -0.0933 0.7016
vn 0.4391 -0.3659 0.8205
vn 0.5463 0.4980 -0.6735
vn 0.9401 0.1198 -0.3192
vn 0.5253 0.2457 -0.8147
vn 0.9897 -0.0462 0.1358
vn 0.4982 0.6757 -0.5434
vn 0.7990 -0.1530 0.5815
vn 0.5854 -0.5820 -0.5644
vn 0.9283 0.0352 0.3702
vn 0.6226 -0.4216 -0.6592
vn 0.6062 -0.4971 -0.6208
vn 0.9360 -0.2306 -0.2658
vn 0.2027 -0.9543 -0.2198
vn -0.2755 -0.8970 -0.3458
vn 0.4315 -0.9021 -0.0103
vn 0.7960 -0.4381 0.4177
vn 0.7331 -0.6756 -0.0786
vn 0.4305 -0.6248 0.6514
vn -0.2693 -0.9620 0.0444
vn 0.6071 -0.7218 0.3324
vn 0.7069 -0.2174 -0.6731
vn 0.5851 -0.1039 -0.8043
vn 0.5735 -0.2898 -0.7663
vn 0.4197 -0.4793 0.7708
vn 0.8547 0.2809 0.4365
vn 0.9626 -0.2667 -0.0474
vn 0.9710 -0.0942 0.2196
vn 0.9152 0.3949 -0.0800
vn 0.9500 -0.3121 -0.0077
usemtl Material_0
s 1
f 83/1/1 90/2/2 84/3/3
f 132/4/4 127/5/5 188/6/6
f 97/7/7 195/8/8 161/9/9
f 80/10/10 116/11/11 166/12/12
f 17/13/13 138/14/14 140/15/15
f 79/16/16 116/11/11 80/10/10
f 1/17/17 85/18/18 91/19/19
f 37/20/20 163/21/21 38/22/22
f 37/20/20 152/23/23 163/21/21
f 155/24/24 153/25/25 39/26/26
f 46/27/27 149/28/28 150/29/29
f 133/30/30 189/31/31 202/32/32
f 176/33/33 192/34/34 136/35/35
f 26/36/36 142/37/37 27/38/38
f 118/39/39 93/40/40 77/41/41
f 75/42/42 94/43/43 118/39/39
f 77/41/41 76/44/44 118/39/39
f 8/45/45 126/46/46 9/47/47
f 60/48/48 129/49/49 114/50/50
f 94/43/43 75/42/42 119/51/51
f 162/52/52 145/53/53 200/54/54
f 42/55/55 110/56/56 145/53/53
f 158/57/57 2/58/58 157/59/59
f 193/60/60 112/61/61 121/62/62
f 95/63/63 6/64/64 88/65/65
f 41/66/66 110/56/56 42/55/55
f 2/58/58 92/67/67 157/59/59
f 158/57/57 165/68/68 3/69/69
f 179/70/70 131/71/71 202/32/32
f 194/72/72 88/65/65 120/73/73
f 48/74/74 172/75/75 148/76/76
f 169/77/77 120/73/73 5/78/78
f 199/79/79 122/80/80 95/63/63
f 6/64/64 5/78/78 88/65/65
f 35/81/81 86/82/82 36/83/83
f 5/78/78 120/73/73 88/65/65
f 87/84/84 81/85/85 80/10/10
f 74/86/86 73/87/87 121/62/62
f 87/84/84 83/1/1 82/88/88
f 7/89/89 6/64/64 95/63/63
f 112/61/61 75/42/42 74/86/86
f 112/61/61 74/86/86 121/62/62
f 72/90/90 71/91/91 124/92/92
f 128/93/93 65/94/94 64/95/95
f 124/92/92 71/91/91 123/96/96
f 7/89/89 122/80/80 8/45/45
f 151/97/97 109/98/98 33/99/99
f 13/100/100 176/33/33 14/101/101
f 121/62/62 73/87/87 96/102/102
f 33/99/99 109/98/98 34/103/103
f 72/90/90 96/102/102 73/87/87
f 153/25/25 40/104/104 39/26/26
f 68/105/105 125/106/106 97/7/7
f 67/107/107 125/106/106 68/105/105
f 117/108/108 90/2/2 177/109/109
f 159/110/110 71/91/91 70/111/111
f 159/110/110 70/111/111 161/9/9
f 161/9/9 70/111/111 69/112/112
f 175/113/113 196/114/114 143/115/115
f 180/116/116 141/117/117 101/118/118
f 65/94/94 128/93/93 174/119/119
f 153/25/25 187/120/120 154/121/121
f 17/13/13 140/15/15 139/122/122
f 98/123/123 64/95/95 63/124/124
f 114/50/50 113/125/125 61/126/126
f 126/46/46 188/6/6 127/5/5
f 8/45/45 160/127/127 126/46/46
f 63/124/124 62/128/128 98/123/123
f 9/47/47 126/46/46 10/129/129
f 113/125/125 98/123/123 62/128/128
f 83/1/1 87/84/84 90/2/2
f 126/46/46 127/5/5 10/129/129
f 110/56/56 200/54/54 145/53/53
f 36/83/83 152/23/23 37/20/20
f 18/130/130 17/13/13 139/122/122
f 11/131/131 132/4/4 12/132/132
f 118/39/39 76/44/44 75/42/42
f 132/4/4 167/133/133 12/132/132
f 166/12/12 90/2/2 87/84/84
f 60/48/48 99/134/134 129/49/49
f 7/89/89 95/63/63 122/80/80
f 11/131/131 10/129/129 127/5/5
f 131/71/71 59/135/135 58/136/136
f 58/136/136 130/137/137 131/71/71
f 57/138/138 130/137/137 58/136/136
f 23/139/139 89/140/140 102/141/141
f 99/134/134 59/135/135 131/71/71
f 187/120/120 221/142/142 210/143/143
f 61/126/126 113/125/125 62/128/128
f 57/138/138 56/144/144 133/30/30
f 165/68/68 158/57/57 190/145/145
f 169/77/77 165/68/68 190/145/145
f 133/30/30 56/144/144 100/146/146
f 100/146/146 56/144/144 55/147/147
f 45/148/148 143/115/115 46/27/27
f 135/149/149 55/147/147 54/150/150
f 199/79/79 95/63/63 197/151/151
f 2/58/58 158/57/57 3/69/69
f 30/152/152 147/153/153 31/154/154
f 14/101/101 136/35/35 137/155/155
f 149/28/28 143/115/115 196/114/114
f 14/101/101 137/155/155 15/156/156
f 116/11/11 177/109/109 90/2/2
f 15/156/156 137/155/155 138/14/14
f 122/80/80 160/127/127 8/45/45
f 138/14/14 17/13/13 16/157/157
f 69/112/112 97/7/7 161/9/9
f 71/91/91 159/110/110 123/96/96
f 18/130/130 139/122/122 19/158/158
f 139/122/122 101/118/118 19/158/158
f 20/159/159 19/158/158 101/118/118
f 21/160/160 20/159/159 156/161/161
f 156/161/161 115/162/162 21/160/160
f 156/161/161 180/116/116 115/162/162
f 75/42/42 112/61/61 119/51/51
f 115/162/162 89/140/140 22/163/163
f 28/164/164 105/165/165 106/166/166
f 20/159/159 141/117/117 156/161/161
f 21/160/160 115/162/162 22/163/163
f 55/147/147 134/167/167 100/146/146
f 22/163/163 89/140/140 23/139/139
f 24/168/168 23/139/139 102/141/141
f 102/141/141 103/169/169 24/168/168
f 77/41/41 93/40/40 78/170/170
f 136/35/35 14/101/101 176/33/33
f 26/36/36 25/171/171 104/172/172
f 144/173/173 27/38/38 142/37/37
f 144/173/173 105/165/165 27/38/38
f 105/165/165 28/164/164 27/38/38
f 59/135/135 99/134/134 60/48/48
f 28/164/164 106/166/166 29/174/174
f 106/166/166 30/152/152 29/174/174
f 92/67/67 198/175/175 157/59/59
f 31/154/154 107/176/176 32/177/177
f 40/104/104 153/25/25 154/121/121
f 147/153/153 107/176/176 31/154/154
f 40/104/104 154/121/121 41/66/66
f 68/105/105 97/7/7 69/112/112
f 151/97/97 32/177/177 107/176/176
f 60/48/48 114/50/50 61/126/126
f 48/74/74 148/76/76 49/178/178
f 102/141/141 215/179/179 216/180/180
f 92/67/67 2/58/58 1/17/17
f 50/181/181 49/178/178 164/182/182
f 164/182/182 108/183/183 50/181/181
f 49/178/178 148/76/76 164/182/182
f 84/3/3 90/2/2 117/108/108
f 64/95/95 98/123/123 128/93/93
f 25/171/171 103/169/169 104/172/172
f 47/184/184 172/75/75 48/74/74
f 150/29/29 172/75/75 47/184/184
f 46/27/27 150/29/29 47/184/184
f 43/185/185 42/55/55 145/53/53
f 55/147/147 135/149/149 134/167/167
f 171/186/186 135/149/149 54/150/150
f 26/36/36 104/172/172 142/37/37
f 15/156/156 138/14/14 16/157/157
f 171/186/186 53/187/187 52/188/188
f 132/4/4 191/189/189 167/133/133
f 51/190/190 168/191/191 173/192/192
f 102/141/141 216/180/180 103/169/169
f 143/115/115 44/193/193 175/113/113
f 108/183/183 168/191/191 50/181/181
f 84/3/3 91/19/19 85/18/18
f 20/159/159 101/118/118 141/117/117
f 105/165/165 185/194/194 106/166/166
f 44/193/193 43/185/185 162/52/52
f 117/108/108 91/19/19 84/3/3
f 78/170/170 116/11/11 79/16/16
f 32/177/177 151/97/97 33/99/99
f 44/193/193 162/52/52 175/113/113
f 145/53/53 162/52/52 43/185/185
f 129/49/49 213/195/195 114/50/50
f 147/153/153 230/196/196 107/176/176
f 114/50/50 213/195/195 98/123/123
f 86/82/82 152/23/23 36/83/83
f 146/197/197 106/166/166 185/194/194
f 109/98/98 86/82/82 34/103/103
f 30/152/152 106/166/166 146/197/197
f 41/66/66 154/121/121 110/56/56
f 147/153/153 30/152/152 146/197/197
f 146/197/197 185/194/194 230/196/196
f 109/98/98 152/23/23 86/82/82
f 197/151/151 88/65/65 194/72/72
f 11/131/131 127/5/5 132/4/4
f 124/92/92 123/96/96 96/102/102
f 197/151/151 95/63/63 88/65/65
f 39/26/26 38/22/22 111/198/198
f 155/24/24 39/26/26 111/198/198
f 158/57/57 157/59/59 198/175/175
f 72/90/90 124/92/92 96/102/102
f 38/22/22 163/21/21 111/198/198
f 78/170/170 93/40/40 116/11/11
f 3/69/69 169/77/77 4/199/199
f 139/122/122 140/15/15 183/200/200
f 80/10/10 166/12/12 87/84/84
f 1/17/17 91/19/19 92/67/67
f 170/201/201 67/107/107 66/202/202
f 45/148/148 44/193/193 143/115/115
f 67/107/107 170/201/201 125/106/106
f 182/203/203 135/149/149 171/186/186
f 166/12/12 116/11/11 90/2/2
f 195/8/8 97/7/7 125/106/106
f 202/32/32 130/137/137 133/30/30
f 165/68/68 169/77/77 3/69/69
f 51/190/190 173/192/192 52/188/188
f 65/94/94 174/119/119 66/202/202
f 128/93/93 211/204/204 174/119/119
f 24/168/168 103/169/169 25/171/171
f 184/205/205 144/173/173 142/37/37
f 57/138/138 133/30/30 130/137/137
f 54/150/150 53/187/187 171/186/186
f 12/132/132 167/133/133 176/33/33
f 12/132/132 176/33/33 13/100/100
f 51/190/190 50/181/181 168/191/191
f 5/78/78 4/199/199 169/77/77
f 52/188/188 173/192/192 171/186/186
f 46/27/27 143/115/115 149/28/28
f 174/119/119 170/201/201 66/202/202
f 102/141/141 89/140/140 115/162/162
f 129/49/49 99/134/134 179/70/70
f 179/70/70 99/134/134 131/71/71
f 230/196/196 147/153/153 146/197/197
f 160/127/127 122/80/80 199/79/79
f 121/62/62 96/102/102 193/60/60
f 164/182/182 205/206/206 108/183/183
f 153/25/25 155/24/24 187/120/120
f 130/137/137 202/32/32 131/71/71
f 103/169/169 216/180/180 104/172/172
f 177/109/109 91/19/19 117/108/108
f 178/207/207 118/39/39 94/43/43
f 194/72/72 120/73/73 169/77/77
f 149/28/28 172/75/75 150/29/29
f 232/208/208 215/179/179 180/116/116
f 94/43/43 119/51/51 178/207/207
f 248/209/209 199/79/79 207/210/210
f 126/46/46 160/127/127 188/6/6
f 134/167/167 135/149/149 189/31/31
f 182/203/203 189/31/31 135/149/149
f 140/15/15 138/14/14 137/155/155
f 192/34/34 137/155/155 136/35/35
f 144/173/173 184/205/205 105/165/165
f 107/176/176 230/196/196 151/97/97
f 209/211/211 152/23/23 109/98/98
f 186/212/212 163/21/21 152/23/23
f 187/120/120 200/54/54 110/56/56
f 154/121/121 187/120/120 110/56/56
f 180/116/116 102/141/141 115/162/162
f 118/39/39 203/213/213 93/40/40
f 204/214/214 159/110/110 161/9/9
f 189/31/31 100/146/146 134/167/167
f 183/200/200 101/118/118 139/122/122
f 163/21/21 186/212/212 111/198/198
f 148/76/76 205/206/206 164/182/182
f 162/52/52 200/54/54 175/113/113
f 152/23/23 209/211/211 186/212/212
f 171/186/186 173/192/192 182/203/203
f 196/114/114 172/75/75 149/28/28
f 91/19/19 198/175/175 92/67/67
f 116/11/11 93/40/40 177/109/109
f 193/60/60 123/96/96 207/210/210
f 225/215/215 189/31/31 217/216/216
f 221/142/142 155/24/24 186/212/212
f 167/133/133 191/189/189 176/33/33
f 178/207/207 203/213/213 118/39/39
f 170/201/201 195/8/8 125/106/106
f 191/189/189 132/4/4 181/217/217
f 195/8/8 204/214/214 161/9/9
f 194/72/72 169/77/77 190/145/145
f 177/109/109 198/175/175 91/19/19
f 216/180/180 184/205/205 104/172/172
f 179/70/70 202/32/32 225/215/215
f 181/217/217 254/218/218 191/189/189
f 100/146/146 189/31/31 133/30/30
f 113/125/125 114/50/50 98/123/123
f 180/116/116 156/161/161 141/117/117
f 223/219/219 185/194/194 105/165/165
f 194/72/72 190/145/145 214/220/220
f 140/15/15 137/155/155 206/221/221
f 219/222/222 180/116/116 183/200/200
f 101/118/118 183/200/200 180/116/116
f 214/220/220 203/213/213 178/207/207
f 93/40/40 203/213/213 177/109/109
f 211/204/204 128/93/93 98/123/123
f 104/172/172 184/205/205 142/37/37
f 111/198/198 186/212/212 155/24/24
f 209/211/211 151/97/97 230/196/196
f 220/223/223 214/220/220 190/145/145
f 189/31/31 225/215/215 202/32/32
f 119/51/51 112/61/61 218/224/224
f 199/79/79 197/151/151 207/210/210
f 181/217/217 132/4/4 188/6/6
f 184/205/205 223/219/219 105/165/165
f 192/34/34 176/33/33 191/189/189
f 123/96/96 204/214/214 207/210/210
f 206/221/221 219/222/222 140/15/15
f 211/204/204 213/195/195 222/225/225
f 177/109/109 220/223/223 198/175/175
f 195/8/8 170/201/201 224/226/226
f 186/212/212 209/211/211 221/142/142
f 196/114/114 175/113/113 200/54/54
f 233/227/227 184/205/205 216/180/180
f 213/195/195 129/49/49 179/70/70
f 182/203/203 173/192/192 201/228/228
f 196/114/114 200/54/54 226/229/229
f 219/222/222 206/221/221 247/230/230
f 218/224/224 207/210/210 197/151/151
f 207/210/210 218/224/224 193/60/60
f 188/6/6 160/127/127 199/79/79
f 180/116/116 215/179/179 102/141/141
f 217/216/216 236/231/231 225/215/215
f 224/226/226 174/119/119 211/204/204
f 203/213/213 220/223/223 177/109/109
f 190/145/145 198/175/175 220/223/223
f 227/232/232 256/233/233 254/218/218
f 196/114/114 226/229/229 231/234/234
f 174/119/119 224/226/226 170/201/201
f 198/175/175 190/145/145 158/57/57
f 196/114/114 231/234/234 208/235/235
f 214/220/220 178/207/207 212/236/236
f 249/237/237 228/238/238 248/209/209
f 109/98/98 151/97/97 209/211/211
f 98/123/123 213/195/195 211/204/204
f 223/219/219 230/196/196 185/194/194
f 155/24/24 221/142/142 187/120/120
f 254/218/218 192/34/34 191/189/189
f 195/8/8 249/237/237 204/214/214
f 209/211/211 230/196/196 210/143/143
f 214/220/220 220/223/223 203/213/213
f 209/211/211 210/143/143 221/142/142
f 223/219/219 184/205/205 233/227/227
f 208/235/235 172/75/75 196/114/114
f 213/195/195 179/70/70 225/215/215
f 236/231/231 213/195/195 225/215/215
f 233/227/227 216/180/180 232/208/208
f 119/51/51 218/224/224 212/236/236
f 218/224/224 112/61/61 193/60/60
f 197/151/151 212/236/236 218/224/224
f 189/31/31 182/203/203 217/216/216
f 197/151/151 194/72/72 212/236/236
f 212/236/236 178/207/207 119/51/51
f 254/218/218 238/239/239 206/221/221
f 123/96/96 159/110/110 204/214/214
f 249/237/237 207/210/210 204/214/214
f 188/6/6 227/232/232 181/217/217
f 210/143/143 226/229/229 200/54/54
f 226/229/229 210/143/143 229/240/240
f 226/229/229 229/240/240 235/241/241
f 237/242/242 213/195/195 236/231/231
f 237/242/242 222/225/225 213/195/195
f 187/120/120 210/143/143 200/54/54
f 262/243/243 224/226/226 211/204/204
f 222/225/225 262/243/243 211/204/204
f 237/242/242 262/243/243 222/225/225
f 137/155/155 192/34/34 206/221/221
f 254/218/218 181/217/217 227/232/232
f 201/228/228 234/244/244 239/245/245
f 201/228/228 173/192/192 168/191/191
f 205/206/206 234/244/244 201/228/228
f 201/228/228 168/191/191 108/183/183
f 210/143/143 230/196/196 223/219/219
f 223/219/219 229/240/240 210/143/143
f 235/241/241 231/234/234 226/229/229
f 233/227/227 235/241/241 229/240/240
f 252/246/246 237/242/242 236/231/231
f 240/247/247 233/227/227 232/208/208
f 233/227/227 244/248/248 235/241/241
f 212/236/236 194/72/72 214/220/220
f 182/203/203 201/228/228 239/245/245
f 239/245/245 251/249/249 217/216/216
f 250/250/250 234/244/244 243/251/251
f 205/206/206 201/228/228 108/183/183
f 232/208/208 216/180/180 215/179/179
f 192/34/34 254/218/218 206/221/221
f 232/208/208 180/116/116 219/222/222
f 238/239/239 247/230/230 206/221/221
f 241/252/252 247/230/230 238/239/239
f 205/206/206 243/251/251 234/244/244
f 205/206/206 208/235/235 243/251/251
f 240/247/247 232/208/208 247/230/230
f 205/206/206 148/76/76 208/235/235
f 244/248/248 243/251/251 208/235/235
f 244/248/248 246/253/253 243/251/251
f 244/248/248 208/235/235 231/234/234
f 235/241/241 244/248/248 231/234/234
f 233/227/227 240/247/247 244/248/248
f 245/254/254 246/253/253 240/247/247
f 244/248/248 240/247/247 246/253/253
f 246/253/253 250/250/250 243/251/251
f 245/254/254 247/230/230 242/255/255
f 245/254/254 240/247/247 247/230/230
f 247/230/230 232/208/208 219/222/222
f 96/102/102 123/96/96 193/60/60
f 219/222/222 183/200/200 140/15/15
f 148/76/76 172/75/75 208/235/235
f 227/232/232 199/79/79 248/209/209
f 248/209/209 207/210/210 249/237/237
f 261/256/256 248/209/209 228/238/238
f 262/243/243 261/256/256 228/238/238
f 195/8/8 224/226/226 228/238/238
f 228/238/238 224/226/226 262/243/243
f 249/237/237 195/8/8 228/238/238
f 188/6/6 199/79/79 227/232/232
f 229/240/240 223/219/219 233/227/227
f 247/230/230 241/252/252 242/255/255
f 250/250/250 246/253/253 260/257/257
f 234/244/244 250/250/250 251/249/249
f 239/245/245 217/216/216 182/203/203
f 252/246/246 251/249/249 250/250/250
f 260/257/257 252/246/246 250/250/250
f 234/244/244 251/249/249 239/245/245
f 251/249/249 236/231/231 217/216/216
f 252/246/246 236/231/231 251/249/249
f 258/258/258 257/259/259 241/252/252
f 256/233/233 241/252/252 254/218/218
f 241/252/252 256/233/233 258/258/258
f 242/255/255 257/259/259 245/254/254
f 257/259/259 246/253/253 245/254/254
f 241/252/252 257/259/259 242/255/255
f 246/253/253 257/259/259 260/257/257
f 260/257/257 257/259/259 258/258/258
f 253/260/260 252/246/246 260/257/257
f 260/257/257 258/258/258 263/261/261
f 263/261/261 253/260/260 260/257/257
f 227/232/232 248/209/209 256/233/233
f 237/242/242 261/256/256 262/243/243
f 253/260/260 237/242/242 252/246/246
f 238/239/239 254/218/218 241/252/252
f 259/262/262 258/258/258 255/263/263
f 259/262/262 263/261/261 258/258/258
f 255/263/263 258/258/258 256/233/233
f 263/261/261 259/262/262 261/256/256
f 259/262/262 255/263/263 261/256/256
f 237/242/242 253/260/260 263/261/261
f 263/261/261 261/256/256 237/242/242
f 248/209/209 261/256/256 255/263/263
f 248/209/209 255/263/263 256/233/233
f 267/264/264 296/265/265 268/266/266
f 304/267/267 295/268/268 294/269/269
f 297/270/270 306/271/271 323/272/272
f 264/273/273 294/269/269 295/268/268
f 316/274/274 270/275/275 269/276/276
f 281/277/277 280/278/278 317/279/279
f 294/269/269 293/280/280 304/267/267
f 279/281/281 318/282/282 280/278/278
f 267/264/264 266/283/283 321/284/284
f 314/285/285 313/286/286 290/287/287
f 291/288/288 290/287/287 313/286/286
f 268/266/266 296/265/265 300/289/289
f 289/290/290 297/270/270 314/285/285
f 314/285/285 290/287/287 289/290/290
f 289/290/290 288/291/291 306/271/271
f 289/290/290 306/271/271 297/270/270
f 297/270/270 323/272/272 314/285/285
f 273/292/292 309/293/293 302/294/294
f 287/295/295 319/296/296 306/271/271
f 275/297/297 303/298/298 276/299/299
f 326/300/300 281/277/277 317/279/279
f 325/301/301 293/280/280 292/302/302
f 307/303/303 298/304/304 285/305/305
f 307/303/303 285/305/305 284/306/306
f 283/307/307 307/303/303 284/306/306
f 315/308/308 282/309/309 281/277/277
f 300/289/289 269/276/276 268/266/266
f 315/308/308 326/300/300 327/310/310
f 311/311/311 312/312/312 303/298/298
f 300/289/289 316/274/274 269/276/276
f 307/303/303 283/307/307 299/313/313
f 324/314/314 308/315/315 316/274/274
f 270/275/275 308/315/315 271/316/316
f 308/315/315 301/317/317 271/316/316
f 278/318/318 310/319/319 279/281/281
f 293/280/280 325/301/301 304/267/267
f 273/292/292 302/294/294 274/320/320
f 272/321/321 271/316/316 309/293/293
f 327/310/310 299/313/313 315/308/308
f 309/293/293 273/292/292 272/321/321
f 264/273/273 305/322/322 265/323/323
f 270/275/275 316/274/274 308/315/315
f 282/309/309 315/308/308 299/313/313
f 283/307/307 282/309/309 299/313/313
f 309/293/293 271/316/316 301/317/317
f 280/278/278 318/282/282 317/279/279
f 285/305/305 298/304/304 286/324/324
f 310/319/319 318/282/282 279/281/281
f 311/311/311 275/297/297 274/320/320
f 307/303/303 327/310/310 298/304/304
f 309/293/293 301/317/317 302/294/294
f 287/295/295 306/271/271 288/291/291
f 275/297/297 311/311/311 303/298/298
f 303/298/298 312/312/312 276/299/299
f 277/325/325 312/312/312 278/318/318
f 276/299/299 312/312/312 277/325/325
f 311/311/311 302/294/294 329/326/326
f 274/320/320 302/294/294 311/311/311
f 322/327/327 267/264/264 321/284/284
f 319/296/296 287/295/295 286/324/324
f 291/288/288 313/286/286 292/302/302
f 264/273/273 320/328/328 305/322/322
f 264/273/273 295/268/268 320/328/328
f 265/323/323 305/322/322 266/283/283
f 299/313/313 327/310/310 307/303/303
f 301/317/317 328/329/329 302/294/294
f 315/308/308 281/277/277 326/300/300
f 296/265/265 324/314/314 300/289/289
f 325/301/301 295/268/268 304/267/267
f 322/327/327 296/265/265 267/264/264
f 298/304/304 327/310/310 319/296/296
f 316/274/274 300/289/289 324/314/314
f 323/272/272 306/271/271 319/296/296
f 320/328/328 322/327/327 305/322/322
f 326/300/300 329/326/326 331/330/330
f 312/312/312 329/326/326 278/318/318
f 266/283/283 322/327/327 321/284/284
f 317/279/279 318/282/282 326/300/300
f 286/324/324 298/304/304 319/296/296
f 301/317/317 308/315/315 328/329/329
f 328/329/329 308/315/315 324/314/314
f 329/326/326 310/319/319 278/318/318
f 313/286/286 325/301/301 292/302/302
f 322/327/327 266/283/283 305/322/322
f 320/328/328 295/268/268 325/301/301
f 312/312/312 311/311/311 329/326/326
f 296/265/265 322/327/327 324/314/314
f 329/326/326 302/294/294 328/329/329
f 328/329/329 331/330/330 329/326/326
f 327/310/310 331/330/330 330/331/331
f 313/286/286 334/332/332 325/301/301
f 313/286/286 314/285/285 323/272/272
f 319/296/296 327/310/310 330/331/331
f 313/286/286 323/272/272 334/332/332
f 310/319/319 329/326/326 326/300/300
f 310/319/319 326/300/300 318/282/282
f 322/327/327 332/333/333 324/314/314
f 325/301/301 333/334/334 320/328/328
f 328/329/329 324/314/314 332/333/333
f 332/333/333 322/327/327 333/334/334
f 325/301/301 334/332/332 333/334/334
f 328/329/329 332/333/333 331/330/330
f 320/328/328 333/334/334 322/327/327
f 330/331/331 334/332/332 323/272/272
f 323/272/272 319/296/296 330/331/331
f 334/332/332 330/331/331 333/334/334
f 333/334/334 330/331/331 332/333/333
f 332/333/333 330/331/331 331/330/330
f 327/310/310 326/300/300 331/330/330
f 344/335/335 268/266/266 336/336/336
f 289/290/290 363/337/337 345/338/338
f 264/273/273 335/339/339 294/269/269
f 292/302/302 293/280/280 359/340/340
f 355/341/341 269/276/276 270/275/275
f 281/277/277 356/342/342 280/278/278
f 265/323/323 266/283/283 361/343/343
f 279/281/281 280/278/278 357/344/344
f 267/264/264 361/343/343 266/283/283
f 267/264/264 344/335/335 361/343/343
f 267/264/264 268/266/266 344/335/335
f 353/345/345 290/287/287 352/346/346
f 291/288/288 352/346/346 290/287/287
f 346/347/347 287/295/295 358/348/348
f 268/266/266 339/349/349 336/336/336
f 353/345/345 289/290/290 290/287/287
f 289/290/290 345/338/338 288/291/291
f 281/277/277 282/309/309 354/350/350
f 289/290/290 353/345/345 363/337/337
f 273/292/292 341/351/351 349/352/352
f 346/347/347 286/324/324 287/295/295
f 341/351/351 351/353/353 342/354/354
f 287/295/295 345/338/338 358/348/348
f 337/355/355 286/324/324 346/347/347
f 365/356/356 356/342/342 354/350/350
f 347/357/357 285/305/305 337/355/355
f 347/357/357 284/306/306 285/305/305
f 283/307/307 284/306/306 347/357/357
f 339/349/349 268/266/266 269/276/276
f 354/350/350 366/358/358 365/356/356
f 339/349/349 269/276/276 355/341/341
f 347/357/357 338/359/359 283/307/307
f 364/360/360 355/341/341 348/361/361
f 270/275/275 271/316/316 348/361/361
f 348/361/361 271/316/316 340/362/362
f 278/318/318 279/281/281 350/363/363
f 293/280/280 294/269/269 359/340/340
f 273/292/292 274/320/320 341/351/351
f 272/321/321 349/352/352 271/316/316
f 366/358/358 354/350/350 338/359/359
f 349/352/352 272/321/321 273/292/292
f 264/273/273 265/323/323 343/364/364
f 270/275/275 348/361/361 355/341/341
f 282/309/309 338/359/359 354/350/350
f 283/307/307 338/359/359 282/309/309
f 349/352/352 340/362/362 271/316/316
f 281/277/277 354/350/350 356/342/342
f 280/278/278 356/342/342 357/344/344
f 285/305/305 286/324/324 337/355/355
f 350/363/363 279/281/281 357/344/344
f 351/353/353 274/320/320 275/297/297
f 347/357/357 337/355/355 366/358/358
f 349/352/352 341/351/351 340/362/362
f 287/295/295 288/291/291 345/338/338
f 275/297/297 342/354/354 351/353/353
f 350/363/363 277/325/325 278/318/318
f 342/354/354 368/365/365 341/351/351
f 274/320/320 351/353/353 341/351/351
f 362/366/366 361/343/343 344/335/335
f 359/340/340 291/288/288 292/302/302
f 291/288/288 359/340/340 352/346/346
f 264/273/273 343/364/364 360/367/367
f 264/273/273 360/367/367 335/339/339
f 265/323/323 361/343/343 343/364/364
f 338/359/359 347/357/357 366/358/358
f 340/362/362 341/351/351 367/368/368
f 336/336/336 339/349/349 364/360/360
f 345/338/338 346/347/347 358/348/348
f 359/340/340 294/269/269 335/339/339
f 362/366/366 344/335/335 336/336/336
f 337/355/355 346/347/347 366/358/358
f 355/341/341 364/360/360 339/349/349
f 363/337/337 346/347/347 345/338/338
f 360/367/367 343/364/364 362/366/366
f 365/356/356 370/369/369 368/365/365
f 276/299/299 277/325/325 368/365/365
f 356/342/342 365/356/356 357/344/344
f 340/362/362 367/368/368 348/361/361
f 367/368/368 364/360/360 348/361/361
f 276/299/299 342/354/354 275/297/297
f 368/365/365 277/325/325 350/363/363
f 362/366/366 343/364/364 361/343/343
f 360/367/367 359/340/340 335/339/339
f 276/299/299 368/365/365 342/354/354
f 336/336/336 364/360/360 362/366/366
f 368/365/365 367/368/368 341/351/351
f 367/368/368 368/365/365 370/369/369
f 366/358/358 369/370/370 370/369/369
f 352/346/346 359/340/340 373/371/371
f 352/346/346 363/337/337 353/345/345
f 346/347/347 369/370/370 366/358/358
f 352/346/346 373/371/371 363/337/337
f 350/363/363 365/356/356 368/365/365
f 350/363/363 357/344/344 365/356/356
f 362/366/366 364/360/360 371/372/372
f 359/340/340 360/367/367 372/373/373
f 367/368/368 371/372/372 364/360/360
f 371/372/372 372/373/373 362/366/366
f 359/340/340 372/373/373 373/371/371
f 367/368/368 370/369/369 371/372/372
f 360/367/367 362/366/366 372/373/373
f 369/370/370 363/337/337 373/371/371
f 363/337/337 369/370/370 346/347/347
f 373/371/371 372/373/373 369/370/370
f 372/373/373 371/372/372 369/370/370
f 371/372/372 370/369/369 369/370/370
f 366/358/358 370/369/369 365/356/356
f 415/374/374 414/375/375 425/376/376
f 425/376/376 441/377/377 415/374/374
f 414/375/375 413/378/378 425/376/376
f 442/379/379 432/380/380 411/381/381
f 400/382/382 433/383/383 402/384/384
f 441/377/377 416/385/385 415/374/374
f 401/386/386 400/382/382 402/384/384
f 416/385/385 441/377/377 436/387/387
f 424/388/388 399/389/389 398/390/390
f 418/391/391 412/392/392 432/380/380
f 412/392/392 418/391/391 413/378/378
f 444/393/393 452/394/394 430/395/395
f 436/387/387 426/396/396 416/385/385
f 434/397/397 421/398/398 435/399/399
f 376/400/400 444/393/393 430/395/395
f 418/391/391 432/380/380 451/401/401
f 375/402/402 374/403/403 426/396/396
f 404/404/404 403/405/405 438/406/406
f 433/383/383 419/407/407 428/408/408
f 378/409/409 447/410/410 379/411/411
f 442/379/379 411/381/381 410/412/412
f 424/388/388 420/413/413 417/414/414
f 422/415/415 391/416/416 390/417/417
f 419/407/407 433/383/383 400/382/382
f 400/382/382 399/389/389 424/388/388
f 431/418/418 397/419/419 434/397/397
f 417/414/414 387/420/420 423/421/421
f 409/422/422 408/423/423 427/424/424
f 405/425/425 404/404/404 438/406/406
f 429/426/426 406/427/427 405/425/425
f 383/428/428 440/429/429 384/430/430
f 391/416/416 424/388/388 431/418/418
f 398/390/390 431/418/418 424/388/388
f 431/418/418 398/390/390 397/419/419
f 375/402/402 444/393/393 376/400/400
f 428/408/408 384/430/430 440/429/429
f 427/424/424 450/431/431 442/379/379
f 382/432/432 437/433/433 438/406/406
f 381/434/434 437/433/433 382/432/432
f 380/435/435 439/436/436 381/434/434
f 381/434/434 439/436/436 437/433/433
f 383/437/428 382/432/432 440/438/429
f 387/420/420 417/414/414 388/439/437
f 428/440/408 403/405/405 433/441/383
f 411/381/381 432/380/380 412/392/392
f 419/407/407 385/442/438 384/430/430
f 385/442/438 423/421/421 386/443/439
f 376/400/400 430/395/395 377/444/440
f 443/445/441 377/444/440 430/395/395
f 409/422/422 427/424/424 410/412/412
f 377/444/440 443/445/441 445/446/442
f 378/409/409 445/446/442 447/410/410
f 450/431/431 451/401/401 442/379/379
f 380/435/435 379/411/411 439/436/436
f 423/421/421 387/420/420 386/443/439
f 407/447/443 446/448/444 408/423/423
f 413/378/378 448/449/445 425/376/376
f 392/450/446 391/416/416 393/451/447
f 420/413/413 424/388/388 422/415/415
f 420/413/413 388/439/437 417/414/414
f 435/399/399 396/452/448 395/453/449
f 391/416/416 422/415/415 424/388/388
f 420/413/413 389/454/450 388/439/437
f 443/445/441 430/395/395 452/394/394
f 391/416/416 431/418/418 393/451/447
f 421/398/398 434/397/397 397/419/419
f 434/397/397 435/399/399 393/451/447
f 393/451/447 435/399/399 394/455/451
f 385/442/438 419/407/407 423/421/421
f 438/406/406 403/405/405 428/440/408
f 438/406/406 429/426/426 405/425/425
f 389/454/450 422/415/415 390/417/417
f 394/455/451 435/399/399 395/453/449
f 396/452/448 435/399/399 421/398/398
f 389/454/450 420/413/413 422/415/415
f 375/402/402 426/396/396 444/393/393
f 427/424/424 442/379/379 410/412/412
f 407/447/443 429/426/426 446/448/444
f 407/447/443 406/427/427 429/426/426
f 451/401/401 450/431/431 455/456/452
f 454/457/453 444/393/393 426/396/396
f 426/396/396 374/403/403 416/385/385
f 408/423/423 446/448/444 427/424/424
f 378/409/409 377/444/440 445/446/442
f 434/397/397 393/451/447 431/418/418
f 418/391/391 448/449/445 413/378/378
f 448/449/445 441/377/377 425/376/376
f 437/433/433 429/426/426 438/406/406
f 428/440/408 440/438/429 438/406/406
f 447/410/410 449/458/454 379/411/411
f 447/410/410 453/459/455 449/458/454
f 436/387/387 454/457/453 426/396/396
f 439/436/436 449/458/454 437/433/433
f 438/406/406 440/438/429 382/432/432
f 439/436/436 379/411/411 449/458/454
f 427/424/424 446/448/444 450/431/431
f 419/407/407 400/382/382 417/414/414
f 400/382/382 424/388/388 417/414/414
f 384/430/430 428/408/408 419/407/407
f 419/407/407 417/414/414 423/421/421
f 449/458/454 446/448/444 429/426/426
f 445/446/442 453/459/455 447/410/410
f 446/448/444 449/458/454 450/431/431
f 442/379/379 451/401/401 432/380/380
f 449/458/454 429/426/426 437/433/433
f 443/445/441 453/459/455 445/446/442
f 418/391/391 451/401/401 448/449/445
f 436/387/387 441/377/377 454/457/453
f 444/393/393 454/457/453 452/394/394
f 441/377/377 448/449/445 454/457/453
f 455/456/452 448/449/445 451/401/401
f 455/456/452 454/457/453 448/449/445
f 443/445/441 452/394/394 453/459/455
f 450/431/431 453/459/455 455/456/452
f 455/456/452 453/459/455 452/394/394
f 450/431/431 449/458/454 453/459/455
f 454/457/453 455/456/452 452/394/394
f 414/375/375 415/374/374 479/460/456
f 457/461/457 413/378/378 414/375/375
f 479/460/456 415/374/374 416/385/385
f 416/385/385 473/462/458 479/460/456
f 476/463/459 475/464/460 467/465/461
f 457/461/457 412/392/392 413/378/378
f 476/463/459 467/465/461 468/466/462
f 457/461/457 474/467/463 412/392/392
f 481/468/464 470/469/465 488/470/466
f 398/390/390 471/471/467 397/419/419
f 473/462/458 416/385/385 464/472/468
f 376/400/400 470/469/465 481/468/464
f 397/419/419 471/471/467 394/455/451
f 398/390/390 399/389/389 401/386/386
f 457/461/457 487/473/469 474/467/463
f 375/402/402 464/472/468 374/403/403
f 433/383/383 469/474/470 458/475/471
f 380/435/435 381/434/434 476/463/459
f 378/409/409 379/411/411 478/476/472
f 483/477/473 478/476/472 489/478/474
f 393/451/447 394/455/451 460/479/475
f 388/439/437 462/480/476 386/443/439
f 472/481/477 462/480/476 388/439/437
f 410/412/412 474/467/463 486/482/478
f 401/386/386 456/483/479 398/390/390
f 393/451/447 460/479/475 456/483/479
f 433/383/383 403/484/405 469/474/470
f 409/422/422 465/485/480 408/423/423
f 405/425/425 467/465/461 404/404/404
f 399/389/389 400/382/382 401/386/386
f 472/481/477 388/439/437 459/486/481
f 467/465/461 405/425/425 406/427/427
f 468/466/462 467/465/461 406/427/427
f 472/481/477 459/486/481 463/487/482
f 407/447/443 468/466/462 406/427/427
f 403/405/405 404/404/404 469/488/470
f 398/390/390 456/483/479 471/471/467
f 394/455/451 471/471/467 460/479/475
f 375/402/402 376/400/400 481/468/464
f 465/485/480 410/412/412 486/482/478
f 469/488/470 404/404/404 467/465/461
f 477/489/483 475/464/460 381/434/434
f 382/432/432 477/489/483 381/434/434
f 383/437/428 458/490/471 477/489/483
f 383/437/428 477/489/483 382/432/432
f 387/420/420 388/439/437 386/443/439
f 456/483/479 463/487/482 392/450/446
f 384/430/430 458/475/471 383/428/428
f 411/381/381 412/392/392 474/467/463
f 376/400/400 377/444/440 470/469/465
f 480/491/484 470/469/465 377/444/440
f 409/422/422 410/412/412 465/485/480
f 377/444/440 482/492/485 480/491/484
f 411/381/381 474/467/463 410/412/412
f 380/435/435 478/476/472 379/411/411
f 486/482/478 474/467/463 487/473/469
f 380/435/435 476/463/459 478/476/472
f 386/443/439 462/480/476 385/442/438
f 478/476/472 483/477/473 378/409/409
f 407/447/443 408/423/423 466/493/486
f 463/487/482 391/416/416 392/450/446
f 384/430/430 462/480/476 458/475/471
f 457/461/457 414/375/375 484/494/487
f 392/450/446 393/451/447 456/483/479
f 391/416/416 463/487/482 390/417/417
f 459/486/481 388/439/437 389/454/450
f 480/491/484 488/470/466 470/469/465
f 433/383/383 401/386/386 402/384/384
f 463/487/482 459/486/481 390/417/417
f 461/495/488 421/398/398 397/419/419
f 389/454/450 390/417/417 459/486/481
f 385/442/438 462/480/476 384/430/430
f 476/463/459 381/434/434 475/464/460
f 394/455/451 395/453/449 461/495/488
f 461/495/488 395/453/449 396/452/448
f 396/452/448 421/398/398 461/495/488
f 375/402/402 481/468/464 464/472/468
f 472/481/477 463/487/482 456/483/479
f 407/447/443 466/493/486 468/466/462
f 401/386/386 433/383/383 458/475/471
f 487/473/469 491/496/489 486/482/478
f 490/497/490 464/472/468 481/468/464
f 464/472/468 416/385/385 374/403/403
f 408/423/423 465/485/480 466/493/486
f 378/409/409 483/477/473 482/492/485
f 378/409/409 482/492/485 377/444/440
f 471/471/467 456/483/479 460/479/475
f 394/455/451 461/495/488 397/419/419
f 484/494/487 414/375/375 479/460/456
f 467/465/461 475/464/460 469/488/470
f 478/476/472 485/498/491 489/478/474
f 473/462/458 464/472/468 490/497/490
f 469/488/470 477/489/483 458/490/471
f 476/463/459 485/498/491 478/476/472
f 465/485/480 486/482/478 466/493/486
f 458/475/471 472/481/477 401/386/386
f 475/464/460 477/489/483 469/488/470
f 401/386/386 472/481/477 456/483/479
f 458/475/471 462/480/476 472/481/477
f 485/498/491 468/466/462 466/493/486
f 482/492/485 483/477/473 489/478/474
f 466/493/486 486/482/478 485/498/491
f 485/498/491 476/463/459 468/466/462
f 480/491/484 482/492/485 489/478/474
f 457/461/457 484/494/487 487/473/469
f 473/462/458 490/497/490 479/460/456
f 481/468/464 488/470/466 490/497/490
f 479/460/456 490/497/490 484/494/487
f 491/496/489 487/473/469 484/494/487
f 491/496/489 484/494/487 490/497/490
f 480/491/484 489/478/474 488/470/466
f 486/482/478 491/496/489 489/478/474
f 491/496/489 488/470/466 489/478/474
f 486/482/478 489/478/474 485/498/491
f 490/497/490 488/470/466 491/496/489
f 83/1/1 84/3/3 496/499/492
f 538/500/493 594/501/494 533/502/495
f 503/503/496 567/504/497 601/505/498
f 80/10/10 572/506/499 522/507/500
f 17/13/13 546/508/501 544/509/502
f 79/16/16 80/10/10 522/507/500
f 1/17/17 497/510/503 85/18/18
f 37/20/20 38/22/22 569/511/504
f 37/20/20 569/511/504 558/512/505
f 561/513/506 39/26/26 559/514/507
f 46/27/27 556/515/508 555/516/509
f 539/517/510 608/518/511 595/519/512
f 582/520/513 542/521/514 598/522/515
f 26/36/36 27/38/38 548/523/516
f 524/524/517 77/41/41 499/525/518
f 75/42/42 524/524/517 500/526/519
f 77/41/41 524/524/517 76/44/44
f 8/45/45 9/47/47 532/527/520
f 60/48/48 520/528/521 535/529/522
f 500/526/519 525/530/523 75/42/42
f 568/531/524 606/532/525 551/533/526
f 42/55/55 551/533/526 516/534/527
f 564/535/528 563/536/529 2/58/58
f 599/537/530 527/538/531 518/539/532
f 501/540/533 494/541/534 6/64/64
f 41/66/66 42/55/55 516/534/527
f 2/58/58 563/536/529 498/542/535
f 564/535/528 3/69/69 571/543/536
f 585/544/537 608/518/511 537/545/538
f 600/546/539 526/547/540 494/541/534
f 48/74/74 554/548/541 578/549/542
f 575/550/543 5/78/78 526/547/540
f 605/551/544 501/540/533 528/552/545
f 6/64/64 494/541/534 5/78/78
f 35/81/81 36/83/83 492/553/546
f 5/78/78 494/541/534 526/547/540
f 493/554/547 80/10/10 81/85/85
f 74/86/86 527/538/531 73/87/87
f 493/554/547 82/88/88 83/1/1
f 7/89/89 501/540/533 6/64/64
f 518/539/532 74/86/86 75/42/42
f 518/539/532 527/538/531 74/86/86
f 72/90/90 530/555/548 71/91/91
f 534/556/549 64/95/95 65/94/94
f 530/555/548 529/557/550 71/91/91
f 7/89/89 8/45/45 528/552/545
f 557/558/551 33/99/99 515/559/552
f 13/100/100 14/101/101 582/520/513
f 527/538/531 502/560/553 73/87/87
f 33/99/99 34/103/103 515/559/552
f 72/90/90 73/87/87 502/560/553
f 559/514/507 39/26/26 40/104/104
f 68/105/105 503/503/496 531/561/554
f 67/107/107 68/105/105 531/561/554
f 523/562/555 583/563/556 496/499/492
f 565/564/557 70/111/111 71/91/91
f 565/564/557 567/504/497 70/111/111
f 567/504/497 69/112/112 70/111/111
f 581/565/558 549/566/559 602/567/560
f 586/568/561 507/569/562 547/570/563
f 65/94/94 580/571/564 534/556/549
f 559/514/507 560/572/565 593/573/566
f 17/13/13 545/574/567 546/508/501
f 504/575/568 63/124/124 64/95/95
f 520/528/521 61/126/126 519/576/569
f 532/527/520 533/502/495 594/501/494
f 8/45/45 532/527/520 566/577/570
f 63/124/124 504/575/568 62/128/128
f 9/47/47 10/129/129 532/527/520
f 519/576/569 62/128/128 504/575/568
f 83/1/1 496/499/492 493/554/547
f 532/527/520 10/129/129 533/502/495
f 516/534/527 551/533/526 606/532/525
f 36/83/83 37/20/20 558/512/505
f 18/130/130 545/574/567 17/13/13
f 11/131/131 12/132/132 538/500/493
f 524/524/517 75/42/42 76/44/44
f 538/500/493 12/132/132 573/578/571
f 572/506/499 493/554/547 496/499/492
f 60/48/48 535/529/522 505/579/572
f 7/89/89 528/552/545 501/540/533
f 11/131/131 533/502/495 10/129/129
f 537/545/538 58/136/136 59/135/135
f 58/136/136 537/545/538 536/580/573
f 57/138/138 58/136/136 536/580/573
f 23/139/139 508/581/574 495/582/575
f 505/579/572 537/545/538 59/135/135
f 593/573/566 616/583/576 627/584/577
f 61/126/126 62/128/128 519/576/569
f 57/138/138 539/517/510 56/144/144
f 571/543/536 596/585/578 564/535/528
f 575/550/543 596/585/578 571/543/536
f 539/517/510 506/586/579 56/144/144
f 506/586/579 55/147/147 56/144/144
f 45/148/148 46/27/27 549/566/559
f 541/587/580 54/150/150 55/147/147
f 605/551/544 603/588/581 501/540/533
f 2/58/58 3/69/69 564/535/528
f 30/152/152 31/154/154 553/589/582
f 14/101/101 543/590/583 542/521/514
f 555/516/509 602/567/560 549/566/559
f 14/101/101 15/156/156 543/590/583
f 522/507/500 496/499/492 583/563/556
f 15/156/156 544/509/502 543/590/583
f 528/552/545 8/45/45 566/577/570
f 544/509/502 16/157/157 17/13/13
f 69/112/112 567/504/497 503/503/496
f 71/91/91 529/557/550 565/564/557
f 18/130/130 19/158/158 545/574/567
f 545/574/567 19/158/158 507/569/562
f 20/159/159 507/569/562 19/158/158
f 21/160/160 562/591/584 20/159/159
f 562/591/584 21/160/160 521/592/585
f 562/591/584 521/592/585 586/568/561
f 75/42/42 525/530/523 518/539/532
f 521/592/585 22/163/163 495/582/575
f 28/164/164 512/593/586 511/594/587
f 20/159/159 562/591/584 547/570/563
f 21/160/160 22/163/163 521/592/585
f 55/147/147 506/586/579 540/595/588
f 22/163/163 23/139/139 495/582/575
f 24/168/168 508/581/574 23/139/139
f 508/581/574 24/168/168 509/596/589
f 77/41/41 78/170/170 499/525/518
f 542/521/514 582/520/513 14/101/101
f 26/36/36 510/597/590 25/171/171
f 550/598/591 548/523/516 27/38/38
f 550/598/591 27/38/38 511/594/587
f 511/594/587 27/38/38 28/164/164
f 59/135/135 60/48/48 505/579/572
f 28/164/164 29/174/174 512/593/586
f 512/593/586 29/174/174 30/152/152
f 498/542/535 563/536/529 604/599/592
f 31/154/154 32/177/177 513/600/593
f 40/104/104 560/572/565 559/514/507
f 553/589/582 31/154/154 513/600/593
f 40/104/104 41/66/66 560/572/565
f 68/105/105 69/112/112 503/503/496
f 557/558/551 513/600/593 32/177/177
f 60/48/48 61/126/126 520/528/521
f 48/74/74 49/178/178 554/548/541
f 508/581/574 622/601/594 621/602/595
f 498/542/535 1/17/17 2/58/58
f 50/181/181 570/603/596 49/178/178
f 570/603/596 50/181/181 514/604/597
f 49/178/178 570/603/596 554/548/541
f 84/3/3 523/562/555 496/499/492
f 64/95/95 534/556/549 504/575/568
f 25/171/171 510/597/590 509/596/589
f 47/184/184 48/74/74 578/549/542
f 556/515/508 47/184/184 578/549/542
f 46/27/27 47/184/184 556/515/508
f 43/185/185 551/533/526 42/55/55
f 55/147/147 540/595/588 541/587/580
f 577/605/598 54/150/150 541/587/580
f 26/36/36 548/523/516 510/597/590
f 15/156/156 16/157/157 544/509/502
f 577/605/598 52/188/188 53/187/187
f 538/500/493 573/578/571 597/606/599
f 51/190/190 579/607/600 574/608/601
f 508/581/574 509/596/589 622/601/594
f 549/566/559 581/565/558 44/193/193
f 514/604/597 50/181/181 574/608/601
f 84/3/3 85/18/18 497/510/503
f 20/159/159 547/570/563 507/569/562
f 511/594/587 512/593/586 591/609/602
f 44/193/193 568/531/524 43/185/185
f 523/562/555 84/3/3 497/510/503
f 78/170/170 79/16/16 522/507/500
f 32/177/177 33/99/99 557/558/551
f 44/193/193 581/565/558 568/531/524
f 551/533/526 43/185/185 568/531/524
f 535/529/522 520/528/521 619/610/603
f 553/589/582 513/600/593 636/611/604
f 520/528/521 504/575/568 619/610/603
f 492/553/546 36/83/83 558/512/505
f 552/612/605 591/609/602 512/593/586
f 515/559/552 34/103/103 492/553/546
f 30/152/152 552/612/605 512/593/586
f 41/66/66 516/534/527 560/572/565
f 553/589/582 552/612/605 30/152/152
f 552/612/605 636/611/604 591/609/602
f 515/559/552 492/553/546 558/512/505
f 603/588/581 600/546/539 494/541/534
f 11/131/131 538/500/493 533/502/495
f 530/555/548 502/560/553 529/557/550
f 603/588/581 494/541/534 501/540/533
f 39/26/26 517/613/606 38/22/22
f 561/513/506 517/613/606 39/26/26
f 564/535/528 604/599/592 563/536/529
f 72/90/90 502/560/553 530/555/548
f 38/22/22 517/613/606 569/511/504
f 78/170/170 522/507/500 499/525/518
f 3/69/69 4/199/199 575/550/543
f 545/574/567 589/614/607 546/508/501
f 80/10/10 493/554/547 572/506/499
f 1/17/17 498/542/535 497/510/503
f 576/615/608 66/202/202 67/107/107
f 45/148/148 549/566/559 44/193/193
f 67/107/107 531/561/554 576/615/608
f 588/616/609 577/605/598 541/587/580
f 572/506/499 496/499/492 522/507/500
f 601/505/498 531/561/554 503/503/496
f 608/518/511 539/517/510 536/580/573
f 571/543/536 3/69/69 575/550/543
f 51/190/190 52/188/188 579/607/600
f 65/94/94 66/202/202 580/571/564
f 534/556/549 580/571/564 617/617/610
f 24/168/168 25/171/171 509/596/589
f 590/618/611 548/523/516 550/598/591
f 57/138/138 536/580/573 539/517/510
f 54/150/150 577/605/598 53/187/187
f 12/132/132 582/520/513 573/578/571
f 12/132/132 13/100/100 582/520/513
f 51/190/190 574/608/601 50/181/181
f 5/78/78 575/550/543 4/199/199
f 52/188/188 577/605/598 579/607/600
f 46/27/27 555/516/509 549/566/559
f 580/571/564 66/202/202 576/615/608
f 508/581/574 521/592/585 495/582/575
f 535/529/522 585/544/537 505/579/572
f 585/544/537 537/545/538 505/579/572
f 636/611/604 552/612/605 553/589/582
f 566/577/570 605/551/544 528/552/545
f 527/538/531 599/537/530 502/560/553
f 570/603/596 514/604/597 611/619/612
f 559/514/507 593/573/566 561/513/506
f 536/580/573 537/545/538 608/518/511
f 509/596/589 510/597/590 622/601/594
f 583/563/556 523/562/555 497/510/503
f 584/620/613 500/526/519 524/524/517
f 600/546/539 575/550/543 526/547/540
f 555/516/509 556/515/508 578/549/542
f 638/621/614 586/568/561 621/602/595
f 500/526/519 584/620/613 525/530/523
f 654/622/615 613/623/616 605/551/544
f 532/527/520 594/501/494 566/577/570
f 540/595/588 595/519/512 541/587/580
f 588/616/609 541/587/580 595/519/512
f 546/508/501 543/590/583 544/509/502
f 598/522/515 542/521/514 543/590/583
f 550/598/591 511/594/587 590/618/611
f 513/600/593 557/558/551 636/611/604
f 615/624/617 515/559/552 558/512/505
f 592/625/618 558/512/505 569/511/504
f 593/573/566 516/534/527 606/532/525
f 560/572/565 516/534/527 593/573/566
f 586/568/561 521/592/585 508/581/574
f 524/524/517 499/525/518 609/626/619
f 610/627/620 567/504/497 565/564/557
f 595/519/512 540/595/588 506/586/579
f 589/614/607 545/574/567 507/569/562
f 569/511/504 517/613/606 592/625/618
f 554/548/541 570/603/596 611/619/612
f 568/531/524 581/565/558 606/532/525
f 558/512/505 592/625/618 615/624/617
f 577/605/598 588/616/609 579/607/600
f 602/567/560 555/516/509 578/549/542
f 497/510/503 498/542/535 604/599/592
f 522/507/500 583/563/556 499/525/518
f 599/537/530 613/623/616 529/557/550
f 631/628/621 623/629/622 595/519/512
f 627/584/577 592/625/618 561/513/506
f 573/578/571 582/520/513 597/606/599
f 584/620/613 524/524/517 609/626/619
f 576/615/608 531/561/554 601/505/498
f 597/606/599 587/630/623 538/500/493
f 601/505/498 567/504/497 610/627/620
f 600/546/539 596/585/578 575/550/543
f 583/563/556 497/510/503 604/599/592
f 622/601/594 510/597/590 590/618/611
f 585/544/537 631/628/621 608/518/511
f 587/630/623 597/606/599 660/631/624
f 506/586/579 539/517/510 595/519/512
f 519/576/569 504/575/568 520/528/521
f 586/568/561 547/570/563 562/591/584
f 629/632/625 511/594/587 591/609/602
f 600/546/539 620/633/626 596/585/578
f 546/508/501 612/634/627 543/590/583
f 625/635/628 589/614/607 586/568/561
f 507/569/562 586/568/561 589/614/607
f 620/633/626 584/620/613 609/626/619
f 499/525/518 583/563/556 609/626/619
f 617/617/610 504/575/568 534/556/549
f 510/597/590 548/523/516 590/618/611
f 517/613/606 561/513/506 592/625/618
f 615/624/617 636/611/604 557/558/551
f 626/636/629 596/585/578 620/633/626
f 595/519/512 608/518/511 631/628/621
f 525/530/523 624/637/630 518/539/532
f 605/551/544 613/623/616 603/588/581
f 587/630/623 594/501/494 538/500/493
f 590/618/611 511/594/587 629/632/625
f 598/522/515 597/606/599 582/520/513
f 529/557/550 613/623/616 610/627/620
f 612/634/627 546/508/501 625/635/628
f 617/617/610 628/638/631 619/610/603
f 583/563/556 604/599/592 626/636/629
f 601/505/498 630/639/632 576/615/608
f 592/625/618 627/584/577 615/624/617
f 602/567/560 606/532/525 581/565/558
f 639/640/633 622/601/594 590/618/611
f 619/610/603 585/544/537 535/529/522
f 588/616/609 607/641/634 579/607/600
f 602/567/560 632/642/635 606/532/525
f 625/635/628 653/643/636 612/634/627
f 624/637/630 603/588/581 613/623/616
f 613/623/616 599/537/530 624/637/630
f 594/501/494 605/551/544 566/577/570
f 586/568/561 508/581/574 621/602/595
f 623/629/622 631/628/621 642/644/637
f 630/639/632 617/617/610 580/571/564
f 609/626/619 583/563/556 626/636/629
f 596/585/578 626/636/629 604/599/592
f 633/645/638 660/631/624 662/646/639
f 602/567/560 637/647/640 632/642/635
f 580/571/564 576/615/608 630/639/632
f 604/599/592 564/535/528 596/585/578
f 602/567/560 614/648/641 637/647/640
f 620/633/626 618/649/642 584/620/613
f 655/650/643 654/622/615 634/651/644
f 515/559/552 615/624/617 557/558/551
f 504/575/568 617/617/610 619/610/603
f 629/632/625 591/609/602 636/611/604
f 561/513/506 593/573/566 627/584/577
f 660/631/624 597/606/599 598/522/515
f 601/505/498 610/627/620 655/650/643
f 615/624/617 616/583/576 636/611/604
f 620/633/626 609/626/619 626/636/629
f 615/624/617 627/584/577 616/583/576
f 629/632/625 639/640/633 590/618/611
f 614/648/641 602/567/560 578/549/542
f 619/610/603 631/628/621 585/544/537
f 642/644/637 631/628/621 619/610/603
f 639/640/633 638/621/614 622/601/594
f 525/530/523 618/649/642 624/637/630
f 624/637/630 599/537/530 518/539/532
f 603/588/581 624/637/630 618/649/642
f 595/519/512 623/629/622 588/616/609
f 603/588/581 618/649/642 600/546/539
f 618/649/642 525/530/523 584/620/613
f 660/631/624 612/634/627 644/652/645
f 529/557/550 610/627/620 565/564/557
f 655/650/643 610/627/620 613/623/616
f 594/501/494 587/630/623 633/645/638
f 616/583/576 606/532/525 632/642/635
f 632/642/635 635/653/646 616/583/576
f 632/642/635 641/654/647 635/653/646
f 643/655/648 642/644/637 619/610/603
f 643/655/648 619/610/603 628/638/631
f 593/573/566 606/532/525 616/583/576
f 668/656/649 617/617/610 630/639/632
f 628/638/631 617/617/610 668/656/649
f 643/655/648 628/638/631 668/656/649
f 543/590/583 612/634/627 598/522/515
f 660/631/624 633/645/638 587/630/623
f 607/641/634 645/657/650 640/658/651
f 607/641/634 574/608/601 579/607/600
f 611/619/612 607/641/634 640/658/651
f 607/641/634 514/604/597 574/608/601
f 616/583/576 629/632/625 636/611/604
f 629/632/625 616/583/576 635/653/646
f 641/654/647 632/642/635 637/647/640
f 639/640/633 635/653/646 641/654/647
f 658/659/652 642/644/637 643/655/648
f 646/660/653 638/621/614 639/640/633
f 639/640/633 641/654/647 650/661/654
f 618/649/642 620/633/626 600/546/539
f 588/616/609 645/657/650 607/641/634
f 645/657/650 623/629/622 657/662/655
f 656/663/656 649/664/657 640/658/651
f 611/619/612 514/604/597 607/641/634
f 638/621/614 621/602/595 622/601/594
f 598/522/515 612/634/627 660/631/624
f 638/621/614 625/635/628 586/568/561
f 644/652/645 612/634/627 653/643/636
f 647/665/658 644/652/645 653/643/636
f 611/619/612 640/658/651 649/664/657
f 611/619/612 649/664/657 614/648/641
f 646/660/653 653/643/636 638/621/614
f 611/619/612 614/648/641 554/548/541
f 650/661/654 614/648/641 649/664/657
f 650/661/654 649/664/657 652/666/659
f 650/661/654 637/647/640 614/648/641
f 641/654/647 637/647/640 650/661/654
f 639/640/633 650/661/654 646/660/653
f 651/667/660 646/660/653 652/666/659
f 650/661/654 652/666/659 646/660/653
f 652/666/659 649/664/657 656/663/656
f 651/667/660 648/668/661 653/643/636
f 651/667/660 653/643/636 646/660/653
f 653/643/636 625/635/628 638/621/614
f 502/560/553 599/537/530 529/557/550
f 625/635/628 546/508/501 589/614/607
f 554/548/541 614/648/641 578/549/542
f 633/645/638 654/622/615 605/551/544
f 654/622/615 655/650/643 613/623/616
f 667/669/662 634/651/644 654/622/615
f 668/656/649 634/651/644 667/669/662
f 601/505/498 634/651/644 630/639/632
f 634/651/644 668/656/649 630/639/632
f 655/650/643 634/651/644 601/505/498
f 594/501/494 633/645/638 605/551/544
f 635/653/646 639/640/633 629/632/625
f 653/643/636 648/668/661 647/665/658
f 656/663/656 666/670/663 652/666/659
f 640/658/651 657/662/655 656/663/656
f 645/657/650 588/616/609 623/629/622
f 658/659/652 656/663/656 657/662/655
f 666/670/663 656/663/656 658/659/652
f 640/658/651 645/657/650 657/662/655
f 657/662/655 623/629/622 642/644/637
f 658/659/652 657/662/655 642/644/637
f 664/671/664 647/665/658 663/672/665
f 662/646/639 660/631/624 647/665/658
f 647/665/658 664/671/664 662/646/639
f 648/668/661 651/667/660 663/672/665
f 663/672/665 651/667/660 652/666/659
f 647/665/658 648/668/661 663/672/665
f 652/666/659 666/670/663 663/672/665
f 666/670/663 664/671/664 663/672/665
f 659/673/666 666/670/663 658/659/652
f 666/670/663 669/674/667 664/671/664
f 669/674/667 666/670/663 659/673/666
f 633/645/638 662/646/639 654/622/615
f 643/655/648 668/656/649 667/669/662
f 659/673/666 658/659/652 643/655/648
f 644/652/645 647/665/658 660/631/624
f 665/675/668 661/676/669 664/671/664
f 665/675/668 664/671/664 669/674/667
f 661/676/669 662/646/639 664/671/664
f 669/674/667 667/669/662 665/675/668
f 665/675/668 667/669/662 661/676/669
f 643/655/648 669/674/667 659/673/666
f 669/674/667 643/655/648 667/669/662
f 654/622/615 661/676/669 667/669/662
f 654/622/615 662/646/639 661/676/669
f 673/677/670 674/678/671 702/679/672
f 710/680/673 700/681/674 701/682/675
f 703/683/676 729/684/677 712/685/678
f 670/686/679 701/682/675 700/681/674
f 722/687/680 675/688/681 676/689/682
f 687/690/683 723/691/684 686/692/685
f 700/681/674 710/680/673 699/693/686
f 685/694/687 686/692/685 724/695/688
f 673/677/670 727/696/689 672/697/690
f 720/698/691 696/699/692 719/700/693
f 697/701/694 719/700/693 696/699/692
f 674/678/671 706/702/695 702/679/672
f 695/703/696 720/698/691 703/683/676
f 720/698/691 695/703/696 696/699/692
f 695/703/696 712/685/678 694/704/697
f 695/703/696 703/683/676 712/685/678
f 703/683/676 720/698/691 729/684/677
f 679/705/698 708/706/699 715/707/700
f 693/708/701 712/685/678 725/709/702
f 681/710/703 682/711/704 709/712/705
f 732/713/706 723/691/684 687/690/683
f 731/714/707 698/715/708 699/693/686
f 713/716/709 691/717/710 704/718/711
f 713/716/709 690/719/712 691/717/710
f 689/720/713 690/719/712 713/716/709
f 721/721/714 687/690/683 688/722/715
f 706/702/695 674/678/671 675/688/681
f 721/721/714 733/723/716 732/713/706
f 717/724/717 709/712/705 718/725/718
f 706/702/695 675/688/681 722/687/680
f 713/716/709 705/726/719 689/720/713
f 730/727/720 722/687/680 714/728/721
f 676/689/682 677/729/722 714/728/721
f 714/728/721 677/729/722 707/730/723
f 684/731/724 685/694/687 716/732/725
f 699/693/686 710/680/673 731/714/707
f 679/705/698 680/733/726 708/706/699
f 678/734/727 715/707/700 677/729/722
f 733/723/716 721/721/714 705/726/719
f 715/707/700 678/734/727 679/705/698
f 670/686/679 671/735/728 711/736/729
f 676/689/682 714/728/721 722/687/680
f 688/722/715 705/726/719 721/721/714
f 689/720/713 705/726/719 688/722/715
f 715/707/700 707/730/723 677/729/722
f 686/692/685 723/691/684 724/695/688
f 691/717/710 692/737/730 704/718/711
f 716/732/725 685/694/687 724/695/688
f 717/724/717 680/733/726 681/710/703
f 713/716/709 704/718/711 733/723/716
f 715/707/700 708/706/699 707/730/723
f 693/708/701 694/704/697 712/685/678
f 681/710/703 709/712/705 717/724/717
f 709/712/705 682/711/704 718/725/718
f 683/738/731 684/731/724 718/725/718
f 682/711/704 683/738/731 718/725/718
f 717/724/717 735/739/732 708/706/699
f 680/733/726 717/724/717 708/706/699
f 728/740/733 727/696/689 673/677/670
f 725/709/702 692/737/730 693/708/701
f 697/701/694 698/715/708 719/700/693
f 670/686/679 711/736/729 726/741/734
f 670/686/679 726/741/734 701/682/675
f 671/735/728 672/697/690 711/736/729
f 705/726/719 713/716/709 733/723/716
f 707/730/723 708/706/699 734/742/735
f 721/721/714 732/713/706 687/690/683
f 702/679/672 706/702/695 730/727/720
f 731/714/707 710/680/673 701/682/675
f 728/740/733 673/677/670 702/679/672
f 704/718/711 725/709/702 733/723/716
f 722/687/680 730/727/720 706/702/695
f 729/684/677 725/709/702 712/685/678
f 726/741/734 711/736/729 728/740/733
f 732/713/706 737/743/736 735/739/732
f 718/725/718 684/731/724 735/739/732
f 672/697/690 727/696/689 728/740/733
f 723/691/684 732/713/706 724/695/688
f 692/737/730 725/709/702 704/718/711
f 707/730/723 734/742/735 714/728/721
f 734/742/735 730/727/720 714/728/721
f 735/739/732 684/731/724 716/732/725
f 719/700/693 698/715/708 731/714/707
f 728/740/733 711/736/729 672/697/690
f 726/741/734 731/714/707 701/682/675
f 718/725/718 735/739/732 717/724/717
f 702/679/672 730/727/720 728/740/733
f 735/739/732 734/742/735 708/706/699
f 734/742/735 735/739/732 737/743/736
f 733/723/716 736/744/737 737/743/736
f 719/700/693 731/714/707 740/745/738
f 719/700/693 729/684/677 720/698/691
f 725/709/702 736/744/737 733/723/716
f 719/700/693 740/745/738 729/684/677
f 716/732/725 732/713/706 735/739/732
f 716/732/725 724/695/688 732/713/706
f 728/740/733 730/727/720 738/746/739
f 731/714/707 726/741/734 739/747/740
f 734/742/735 738/746/739 730/727/720
f 738/746/739 739/747/740 728/740/733
f 731/714/707 739/747/740 740/745/738
f 734/742/735 737/743/736 738/746/739
f 726/741/734 728/740/733 739/747/740
f 736/744/737 729/684/677 740/745/738
f 729/684/677 736/744/737 725/709/702
f 740/745/738 739/747/740 736/744/737
f 739/747/740 738/746/739 736/744/737
f 738/746/739 737/743/736 736/744/737
f 733/723/716 737/743/736 732/713/706
f 750/748/741 742/749/742 674/678/671
f 695/703/696 751/750/743 769/751/744
f 670/686/679 700/681/674 741/752/745
f 698/715/708 765/753/746 699/693/686
f 761/754/747 676/689/682 675/688/681
f 687/690/683 686/692/685 762/755/748
f 671/735/728 767/756/749 672/697/690
f 685/694/687 763/757/750 686/692/685
f 673/677/670 672/697/690 767/756/749
f 673/677/670 767/756/749 750/748/741
f 673/677/670 750/748/741 674/678/671
f 759/758/751 758/759/752 696/699/692
f 697/701/694 696/699/692 758/759/752
f 752/760/753 764/761/754 693/708/701
f 674/678/671 742/749/742 745/762/755
f 759/758/751 696/699/692 695/703/696
f 695/703/696 694/704/697 751/750/743
f 687/690/683 760/763/756 688/722/715
f 695/703/696 769/751/744 759/758/751
f 679/705/698 755/764/757 747/765/758
f 752/760/753 693/708/701 692/737/730
f 747/765/758 748/766/759 757/767/760
f 693/708/701 764/761/754 751/750/743
f 743/768/761 752/760/753 692/737/730
f 771/769/762 760/763/756 762/755/748
f 753/770/763 743/768/761 691/717/710
f 753/770/763 691/717/710 690/719/712
f 689/720/713 753/770/763 690/719/712
f 745/762/755 675/688/681 674/678/671
f 760/763/756 771/769/762 772/771/764
f 745/762/755 761/754/747 675/688/681
f 753/770/763 689/720/713 744/772/765
f 770/773/766 754/774/767 761/754/747
f 676/689/682 754/774/767 677/729/722
f 754/774/767 746/775/768 677/729/722
f 684/731/724 756/776/769 685/694/687
f 699/693/686 765/753/746 700/681/674
f 679/705/698 747/765/758 680/733/726
f 678/734/727 677/729/722 755/764/757
f 772/771/764 744/772/765 760/763/756
f 755/764/757 679/705/698 678/734/727
f 670/686/679 749/777/770 671/735/728
f 676/689/682 761/754/747 754/774/767
f 688/722/715 760/763/756 744/772/765
f 689/720/713 688/722/715 744/772/765
f 755/764/757 677/729/722 746/775/768
f 687/690/683 762/755/748 760/763/756
f 686/692/685 763/757/750 762/755/748
f 691/717/710 743/768/761 692/737/730
f 756/776/769 763/757/750 685/694/687
f 757/767/760 681/710/703 680/733/726
f 753/770/763 772/771/764 743/768/761
f 755/764/757 746/775/768 747/765/758
f 693/708/701 751/750/743 694/704/697
f 681/710/703 757/767/760 748/766/759
f 756/776/769 684/731/724 683/738/731
f 748/766/759 747/765/758 774/778/771
f 680/733/726 747/765/758 757/767/760
f 768/779/772 750/748/741 767/756/749
f 765/753/746 698/715/708 697/701/694
f 697/701/694 758/759/752 765/753/746
f 670/686/679 766/780/773 749/777/770
f 670/686/679 741/752/745 766/780/773
f 671/735/728 749/777/770 767/756/749
f 744/772/765 772/771/764 753/770/763
f 746/775/768 773/781/774 747/765/758
f 742/749/742 770/773/766 745/762/755
f 751/750/743 764/761/754 752/760/753
f 765/753/746 741/752/745 700/681/674
f 768/779/772 742/749/742 750/748/741
f 743/768/761 772/771/764 752/760/753
f 761/754/747 745/762/755 770/773/766
f 769/751/744 751/750/743 752/760/753
f 766/780/773 768/779/772 749/777/770
f 771/769/762 774/778/771 776/782/775
f 682/711/704 774/778/771 683/738/731
f 762/755/748 763/757/750 771/769/762
f 746/775/768 754/774/767 773/781/774
f 773/781/774 754/774/767 770/773/766
f 682/711/704 681/710/703 748/766/759
f 774/778/771 756/776/769 683/738/731
f 768/779/772 767/756/749 749/777/770
f 766/780/773 741/752/745 765/753/746
f 682/711/704 748/766/759 774/778/771
f 742/749/742 768/779/772 770/773/766
f 774/778/771 747/765/758 773/781/774
f 773/781/774 776/782/775 774/778/771
f 772/771/764 776/782/775 775/783/776
f 758/759/752 779/784/777 765/753/746
f 758/759/752 759/758/751 769/751/744
f 752/760/753 772/771/764 775/783/776
f 758/759/752 769/751/744 779/784/777
f 756/776/769 774/778/771 771/769/762
f 756/776/769 771/769/762 763/757/750
f 768/779/772 777/785/778 770/773/766
f 765/753/746 778/786/779 766/780/773
f 773/781/774 770/773/766 777/785/778
f 777/785/778 768/779/772 778/786/779
f 765/753/746 779/784/777 778/786/779
f 773/781/774 777/785/778 776/782/775
f 766/780/773 778/786/779 768/779/772
f 775/783/776 779/784/777 769/751/744
f 769/751/744 752/760/753 775/783/776
f 779/784/777 775/783/776 778/786/779
f 778/786/779 775/783/776 777/785/778
f 777/785/778 775/783/776 776/782/775
f 772/771/764 771/769/762 776/782/775
f 821/787/780 831/788/781 820/789/782
f 831/788/781 821/787/780 847/790/783
f 820/789/782 831/788/781 819/791/784
f 848/792/785 817/793/786 838/794/787
f 806/795/788 808/796/789 839/797/790
f 847/790/783 821/787/780 822/798/791
f 807/799/792 808/796/789 806/795/788
f 822/798/791 842/800/793 847/790/783
f 830/801/794 804/802/795 805/803/796
f 824/804/797 838/794/787 818/805/798
f 818/805/798 819/791/784 824/804/797
f 850/806/799 836/807/800 858/808/801
f 842/800/793 822/798/791 832/809/802
f 840/810/803 841/811/804 827/812/805
f 782/813/806 836/807/800 850/806/799
f 824/804/797 857/814/807 838/794/787
f 781/815/808 832/809/802 780/816/809
f 810/817/810 844/818/811 809/819/812
f 839/797/790 834/820/813 825/821/814
f 784/822/815 785/823/816 853/824/817
f 848/792/785 816/825/818 817/793/786
f 830/801/794 823/826/819 826/827/820
f 828/828/821 796/829/822 797/830/823
f 825/821/814 806/795/788 839/797/790
f 806/795/788 830/801/794 805/803/796
f 837/831/824 840/810/803 803/832/825
f 823/826/819 829/833/826 793/834/827
f 815/835/828 833/836/829 814/837/830
f 811/838/831 844/818/811 810/817/810
f 835/839/832 811/838/831 812/840/833
f 789/841/834 790/842/835 846/843/836
f 797/830/823 837/831/824 830/801/794
f 804/802/795 830/801/794 837/831/824
f 837/831/824 803/832/825 804/802/795
f 781/815/808 782/813/806 850/806/799
f 834/820/813 846/843/836 790/842/835
f 833/836/829 848/792/785 856/844/837
f 788/845/838 844/818/811 843/846/839
f 787/847/840 788/845/838 843/846/839
f 786/848/841 787/847/840 845/849/842
f 787/847/840 843/846/839 845/849/842
f 789/850/834 846/851/836 788/845/838
f 793/834/827 794/852/843 823/826/819
f 834/853/813 839/854/790 809/819/812
f 817/793/786 818/805/798 838/794/787
f 825/821/814 790/842/835 791/855/844
f 791/855/844 792/856/845 829/833/826
f 782/813/806 783/857/846 836/807/800
f 849/858/847 836/807/800 783/857/846
f 815/835/828 816/825/818 833/836/829
f 783/857/846 851/859/848 849/858/847
f 784/822/815 853/824/817 851/859/848
f 856/844/837 848/792/785 857/814/807
f 786/848/841 845/849/842 785/823/816
f 829/833/826 792/856/845 793/834/827
f 813/860/849 814/837/830 852/861/850
f 819/791/784 831/788/781 854/862/851
f 798/863/852 799/864/853 797/830/823
f 826/827/820 828/828/821 830/801/794
f 826/827/820 823/826/819 794/852/843
f 841/811/804 801/865/854 802/866/855
f 797/830/823 830/801/794 828/828/821
f 826/827/820 794/852/843 795/867/856
f 849/858/847 858/808/801 836/807/800
f 797/830/823 799/864/853 837/831/824
f 827/812/805 803/832/825 840/810/803
f 840/810/803 799/864/853 841/811/804
f 799/864/853 800/868/857 841/811/804
f 791/855/844 829/833/826 825/821/814
f 844/818/811 834/853/813 809/819/812
f 844/818/811 811/838/831 835/839/832
f 795/867/856 796/829/822 828/828/821
f 800/868/857 801/865/854 841/811/804
f 802/866/855 827/812/805 841/811/804
f 795/867/856 828/828/821 826/827/820
f 781/815/808 850/806/799 832/809/802
f 833/836/829 816/825/818 848/792/785
f 813/860/849 852/861/850 835/839/832
f 813/860/849 835/839/832 812/840/833
f 857/814/807 861/869/858 856/844/837
f 860/870/859 832/809/802 850/806/799
f 832/809/802 822/798/791 780/816/809
f 814/837/830 833/836/829 852/861/850
f 784/822/815 851/859/848 783/857/846
f 840/810/803 837/831/824 799/864/853
f 824/804/797 819/791/784 854/862/851
f 854/862/851 831/788/781 847/790/783
f 843/846/839 844/818/811 835/839/832
f 834/853/813 844/818/811 846/851/836
f 853/824/817 785/823/816 855/871/860
f 853/824/817 855/871/860 859/872/861
f 842/800/793 832/809/802 860/870/859
f 845/849/842 843/846/839 855/871/860
f 844/818/811 788/845/838 846/851/836
f 845/849/842 855/871/860 785/823/816
f 833/836/829 856/844/837 852/861/850
f 825/821/814 823/826/819 806/795/788
f 806/795/788 823/826/819 830/801/794
f 790/842/835 825/821/814 834/820/813
f 825/821/814 829/833/826 823/826/819
f 855/871/860 835/839/832 852/861/850
f 851/859/848 853/824/817 859/872/861
f 852/861/850 856/844/837 855/871/860
f 848/792/785 838/794/787 857/814/807
f 855/871/860 843/846/839 835/839/832
f 849/858/847 851/859/848 859/872/861
f 824/804/797 854/862/851 857/814/807
f 842/800/793 860/870/859 847/790/783
f 850/806/799 858/808/801 860/870/859
f 847/790/783 860/870/859 854/862/851
f 861/869/858 857/814/807 854/862/851
f 861/869/858 854/862/851 860/870/859
f 849/858/847 859/872/861 858/808/801
f 856/844/837 861/869/858 859/872/861
f 861/869/858 858/808/801 859/872/861
f 856/844/837 859/872/861 855/871/860
f 860/870/859 858/808/801 861/869/858
f 820/789/782 885/873/862 821/787/780
f 863/874/863 820/789/782 819/791/784
f 885/873/862 822/798/791 821/787/780
f 822/798/791 885/873/862 879/875/387
f 882/876/864 873/877/865 881/878/866
f 863/874/863 819/791/784 818/805/798
f 882/876/864 874/879/867 873/877/865
f 863/874/863 818/805/798 880/880/868
f 887/881/869 894/882/870 876/883/871
f 804/802/795 803/832/825 877/884/872
f 879/875/387 870/885/873 822/798/791
f 782/813/806 887/881/869 876/883/871
f 803/832/825 800/868/857 877/884/872
f 804/802/795 807/799/792 805/803/796
f 863/874/863 880/880/868 893/886/874
f 781/815/808 780/816/809 870/885/873
f 839/797/790 864/887/875 875/888/876
f 786/848/841 882/876/864 787/847/840
f 784/822/815 884/889/877 785/823/816
f 889/890/878 895/891/879 884/889/877
f 799/864/853 866/892/880 800/868/857
f 794/852/843 792/856/845 868/893/881
f 878/894/882 794/852/843 868/893/881
f 816/825/818 892/895/883 880/880/868
f 807/799/792 804/802/795 862/896/884
f 799/864/853 862/896/884 866/892/880
f 839/797/790 875/888/876 809/897/812
f 815/835/828 814/837/830 871/898/885
f 811/838/831 810/817/810 873/877/865
f 805/803/796 807/799/792 806/795/788
f 878/894/882 865/899/886 794/852/843
f 873/877/865 812/840/833 811/838/831
f 874/879/867 812/840/833 873/877/865
f 878/894/882 869/900/887 865/899/886
f 813/860/849 812/840/833 874/879/867
f 809/819/812 875/901/876 810/817/810
f 804/802/795 877/884/872 862/896/884
f 800/868/857 866/892/880 877/884/872
f 781/815/808 887/881/869 782/813/806
f 871/898/885 892/895/883 816/825/818
f 875/901/876 873/877/865 810/817/810
f 883/902/888 787/847/840 881/878/866
f 788/845/838 787/847/840 883/902/888
f 789/850/834 883/902/888 864/903/875
f 789/850/834 788/845/838 883/902/888
f 793/834/827 792/856/845 794/852/843
f 862/896/884 798/863/852 869/900/887
f 790/842/835 789/841/834 864/887/875
f 817/793/786 880/880/868 818/805/798
f 782/813/806 876/883/871 783/857/846
f 886/904/889 783/857/846 876/883/871
f 815/835/828 871/898/885 816/825/818
f 783/857/846 886/904/889 888/905/890
f 817/793/786 816/825/818 880/880/868
f 786/848/841 785/823/816 884/889/877
f 892/895/883 893/886/874 880/880/868
f 786/848/841 884/889/877 882/876/864
f 792/856/845 791/855/844 868/893/881
f 884/889/877 784/822/815 889/890/878
f 813/860/849 872/906/891 814/837/830
f 869/900/887 798/863/852 797/830/823
f 790/842/835 864/887/875 868/893/881
f 863/874/863 890/907/892 820/789/782
f 798/863/852 862/896/884 799/864/853
f 797/830/823 796/829/822 869/900/887
f 865/899/886 795/867/856 794/852/843
f 886/904/889 876/883/871 894/882/870
f 839/797/790 808/796/789 807/799/792
f 869/900/887 796/829/822 865/899/886
f 867/908/893 803/832/825 827/812/805
f 795/867/856 865/899/886 796/829/822
f 791/855/844 790/842/835 868/893/881
f 882/876/864 881/878/866 787/847/840
f 800/868/857 867/908/893 801/865/854
f 867/908/893 802/866/855 801/865/854
f 802/866/855 867/908/893 827/812/805
f 781/815/808 870/885/873 887/881/869
f 878/894/882 862/896/884 869/900/887
f 813/860/849 874/879/867 872/906/891
f 807/799/792 864/887/875 839/797/790
f 893/886/874 892/895/883 897/909/894
f 896/910/895 887/881/869 870/885/873
f 870/885/873 780/816/809 822/798/791
f 814/837/830 872/906/891 871/898/885
f 784/822/815 888/905/890 889/890/878
f 784/822/815 783/857/846 888/905/890
f 877/884/872 866/892/880 862/896/884
f 800/868/857 803/832/825 867/908/893
f 890/907/892 885/873/862 820/789/782
f 873/877/865 875/901/876 881/878/866
f 884/889/877 895/891/879 891/911/896
f 879/875/387 896/910/895 870/885/873
f 875/901/876 864/903/875 883/902/888
f 882/876/864 884/889/877 891/911/896
f 871/898/885 872/906/891 892/895/883
f 864/887/875 807/799/792 878/894/882
f 881/878/866 875/901/876 883/902/888
f 807/799/792 862/896/884 878/894/882
f 864/887/875 878/894/882 868/893/881
f 891/911/896 872/906/891 874/879/867
f 888/905/890 895/891/879 889/890/878
f 872/906/891 891/911/896 892/895/883
f 891/911/896 874/879/867 882/876/864
f 886/904/889 895/891/879 888/905/890
f 863/874/863 893/886/874 890/907/892
f 879/875/387 885/873/862 896/910/895
f 887/881/869 896/910/895 894/882/870
f 885/873/862 890/907/892 896/910/895
f 897/909/894 890/907/892 893/886/874
f 897/909/894 896/910/895 890/907/892
f 886/904/889 894/882/870 895/891/879
f 892/895/883 895/891/879 897/909/894
f 897/909/894 895/891/879 894/882/870
f 892/895/883 891/911/896 895/891/879
f 896/910/895 897/909/894 894/882/870
